99,44,0.175922123,80,45,1.500973318
80,45,0.199627729,80,45,1.698962619
80,45,0.199627729,80,45,1.698962619
80,45,0.199627729,80,45,1.698962619
80,45,0.199627729,80,45,1.698962619
80,45,0.199627729,80,45,1.698962619
80,45,0.199627729,80,45,1.698962619
80,45,0.199627729,80,45,1.698962619
80,45,0.199627729,80,45,1.698962619
80,45,0.199627729,80,45,1.698962619
80,45,0.199627729,80,45,1.698962619
80,45,0.199627729,80,45,1.698962619
80,45,0.199627729,80,45,1.698962619
80,45,0.199627729,80,45,1.698962619
80,45,0.199627729,80,45,1.698962619
80,45,0.199627729,80,45,1.698962619
80,45,0.189696923,80,45,1.59048628
80,45,0.189696923,80,45,1.59048628
21,52,0.255879469,21,52,2.171052721
21,52,0.255879469,21,52,2.171052721
21,52,0.255879469,21,52,2.171052721
21,52,0.255879469,21,52,2.171052721
21,52,0.255879469,21,52,2.171052721
21,52,0.255879469,21,52,2.171052721
21,52,0.255879469,21,52,2.171052721
21,52,0.255879469,21,52,2.171052721
21,52,0.255879469,21,52,2.171052721
21,52,0.255879469,21,52,2.171052721
21,52,0.255879469,21,52,2.171052721
21,52,0.255879469,21,52,2.171052721
21,52,0.255879469,21,52,2.171052721
21,52,0.255879469,21,52,2.171052721
80,45,0.199627729,80,45,1.698962619
80,45,0.199627729,80,45,1.698962619
43,53,0.247242255,43,53,1.964343669
43,53,0.247242255,43,53,1.964343669
43,53,0.247242255,43,53,1.964343669
43,53,0.247242255,43,53,1.964343669
43,53,0.247242255,43,53,1.964343669
43,53,0.247242255,43,53,1.964343669
43,53,0.247242255,43,53,1.964343669
43,53,0.247242255,43,53,1.964343669
43,53,0.247242255,43,53,1.964343669
43,53,0.247242255,43,53,1.964343669
43,53,0.247242255,43,53,1.964343669
43,53,0.247242255,43,53,1.964343669
43,53,0.247242255,43,53,1.964343669
43,53,0.247242255,43,53,1.964343669
21,52,0.255879469,21,52,2.171052721
21,52,0.255879469,21,52,2.171052721
43,53,0.236504723,43,53,1.852726622
43,53,0.236504723,43,53,1.852726622
43,53,0.236504723,43,53,1.852726622
43,53,0.236504723,43,53,1.852726622
43,53,0.236504723,43,53,1.852726622
43,53,0.236504723,43,53,1.852726622
43,53,0.236504723,43,53,1.852726622
43,53,0.236504723,43,53,1.852726622
43,53,0.236504723,43,53,1.852726622
43,53,0.236504723,43,53,1.852726622
43,53,0.236504723,43,53,1.852726622
43,53,0.236504723,43,53,1.852726622
43,53,0.236504723,43,53,1.852726622
43,53,0.236504723,43,53,1.852726622
43,53,0.247242255,43,53,1.964343669
43,53,0.247242255,43,53,1.964343669
43,53,0.241429881,43,53,1.893416151
43,53,0.241429881,43,53,1.893416151
43,53,0.241429881,43,53,1.893416151
43,53,0.241429881,43,53,1.893416151
43,53,0.241429881,43,53,1.893416151
43,53,0.241429881,43,53,1.893416151
43,53,0.241429881,43,53,1.893416151
43,53,0.241429881,43,53,1.893416151
43,53,0.241429881,43,53,1.893416151
43,53,0.241429881,43,53,1.893416151
43,53,0.241429881,43,53,1.893416151
43,53,0.241429881,43,53,1.893416151
43,53,0.241429881,43,53,1.893416151
43,53,0.241429881,43,53,1.893416151
43,53,0.236504723,43,53,1.852726622
43,53,0.236504723,43,53,1.852726622
43,53,0.24567072,43,53,1.953764546
43,53,0.24567072,43,53,1.953764546
43,53,0.24567072,43,53,1.953764546
43,53,0.24567072,43,53,1.953764546
43,53,0.24567072,43,53,1.953764546
43,53,0.24567072,43,53,1.953764546
43,53,0.24567072,43,53,1.953764546
43,53,0.24567072,43,53,1.953764546
43,53,0.24567072,43,53,1.953764546
43,53,0.24567072,43,53,1.953764546
43,53,0.24567072,43,53,1.953764546
43,53,0.24567072,43,53,1.953764546
43,53,0.24567072,43,53,1.953764546
43,53,0.24567072,43,53,1.953764546
43,53,0.24567072,43,53,1.953764546
43,53,0.241429881,43,53,1.893416151
43,53,0.24359783,43,53,1.929279955
43,53,0.24359783,43,53,1.929279955
43,53,0.24359783,43,53,1.929279955
43,53,0.24359783,43,53,1.929279955
43,53,0.24359783,43,53,1.929279955
43,53,0.24359783,43,53,1.929279955
43,53,0.24359783,43,53,1.929279955
43,53,0.24359783,43,53,1.929279955
43,53,0.24359783,43,53,1.929279955
43,53,0.24359783,43,53,1.929279955
43,53,0.24359783,43,53,1.929279955
43,53,0.24359783,43,53,1.929279955
43,53,0.24359783,43,53,1.929279955
43,53,0.24359783,43,53,1.929279955
43,53,0.24359783,43,53,1.929279955
43,53,0.24567072,43,53,1.953764546
43,53,0.243574754,43,53,1.920793532
43,53,0.243574754,43,53,1.920793532
43,53,0.243574754,43,53,1.920793532
43,53,0.243574754,43,53,1.920793532
43,53,0.243574754,43,53,1.920793532
43,53,0.243574754,43,53,1.920793532
43,53,0.243574754,43,53,1.920793532
43,53,0.243574754,43,53,1.920793532
43,53,0.243574754,43,53,1.920793532
43,53,0.243574754,43,53,1.920793532
43,53,0.243574754,43,53,1.920793532
43,53,0.243574754,43,53,1.920793532
43,53,0.243574754,43,53,1.920793532
43,53,0.243574754,43,53,1.920793532
43,53,0.243574754,43,53,1.920793532
43,53,0.24359783,43,53,1.929279955
43,53,0.302236624,43,53,2.411176851
43,53,0.302236624,43,53,2.411176851
43,53,0.302236624,43,53,2.411176851
43,53,0.302236624,43,53,2.411176851
43,53,0.302236624,43,53,2.411176851
43,53,0.302236624,43,53,2.411176851
43,53,0.302236624,43,53,2.411176851
43,53,0.302236624,43,53,2.411176851
43,53,0.302236624,43,53,2.411176851
43,53,0.302236624,43,53,2.411176851
43,53,0.302236624,43,53,2.411176851
43,53,0.302236624,43,53,2.411176851
43,53,0.302236624,43,53,2.411176851
43,53,0.302236624,43,53,2.411176851
43,53,0.302236624,43,53,2.411176851
43,53,0.243574754,43,53,1.920793532
43,53,0.243574754,43,53,1.920793532
43,53,0.288141164,43,53,2.244522114
43,53,0.288141164,43,53,2.244522114
43,53,0.288141164,43,53,2.244522114
43,53,0.288141164,43,53,2.244522114
43,53,0.288141164,43,53,2.244522114
43,53,0.288141164,43,53,2.244522114
43,53,0.288141164,43,53,2.244522114
43,53,0.288141164,43,53,2.244522114
43,53,0.288141164,43,53,2.244522114
43,53,0.288141164,43,53,2.244522114
43,53,0.288141164,43,53,2.244522114
43,53,0.288141164,43,53,2.244522114
43,53,0.288141164,43,53,2.244522114
43,53,0.288141164,43,53,2.244522114
43,53,0.302236624,43,53,2.411176851
43,53,0.302236624,43,53,2.411176851
43,53,0.284784816,43,53,2.212909997
43,53,0.284784816,43,53,2.212909997
43,53,0.284784816,43,53,2.212909997
43,53,0.284784816,43,53,2.212909997
43,53,0.284784816,43,53,2.212909997
43,53,0.284784816,43,53,2.212909997
43,53,0.284784816,43,53,2.212909997
43,53,0.284784816,43,53,2.212909997
43,53,0.284784816,43,53,2.212909997
43,53,0.284784816,43,53,2.212909997
43,53,0.284784816,43,53,2.212909997
43,53,0.284784816,43,53,2.212909997
43,53,0.284784816,43,53,2.212909997
43,53,0.284784816,43,53,2.212909997
43,53,0.288141164,43,53,2.244522114
43,53,0.288141164,43,53,2.244522114
43,53,0.27911456,43,53,2.172180665
43,53,0.27911456,43,53,2.172180665
43,53,0.27911456,43,53,2.172180665
43,53,0.27911456,43,53,2.172180665
43,53,0.27911456,43,53,2.172180665
43,53,0.27911456,43,53,2.172180665
43,53,0.27911456,43,53,2.172180665
43,53,0.27911456,43,53,2.172180665
43,53,0.27911456,43,53,2.172180665
43,53,0.27911456,43,53,2.172180665
43,53,0.27911456,43,53,2.172180665
43,53,0.27911456,43,53,2.172180665
43,53,0.27911456,43,53,2.172180665
43,53,0.27911456,43,53,2.172180665
43,53,0.284784816,43,53,2.212909997
43,53,0.284784816,43,53,2.212909997
13,16,0.129096459,95,10,1.275939246
13,16,0.129096459,95,10,1.275939246
13,16,0.129096459,95,10,1.275939246
13,16,0.129096459,95,10,1.275939246
13,16,0.129096459,95,10,1.275939246
13,16,0.129096459,95,10,1.275939246
13,16,0.129096459,95,10,1.275939246
13,16,0.129096459,95,10,1.275939246
13,16,0.129096459,95,10,1.275939246
13,16,0.129096459,95,10,1.275939246
13,16,0.129096459,95,10,1.275939246
13,16,0.129096459,95,10,1.275939246
13,16,0.129096459,95,10,1.275939246
13,16,0.129096459,95,10,1.275939246
43,53,0.27911456,43,53,2.172180665
43,53,0.27911456,43,53,2.172180665
13,16,0.125765935,5,16,1.166615915
13,16,0.125765935,5,16,1.166615915
13,16,0.125765935,5,16,1.166615915
13,16,0.125765935,5,16,1.166615915
13,16,0.125765935,5,16,1.166615915
13,16,0.125765935,5,16,1.166615915
13,16,0.125765935,5,16,1.166615915
13,16,0.125765935,5,16,1.166615915
13,16,0.125765935,5,16,1.166615915
13,16,0.125765935,5,16,1.166615915
13,16,0.125765935,5,16,1.166615915
13,16,0.125765935,5,16,1.166615915
13,16,0.125765935,5,16,1.166615915
13,16,0.125765935,5,16,1.166615915
13,16,0.129096459,95,10,1.275939246
13,16,0.129096459,95,10,1.275939246
95,10,0.120653127,95,10,1.304948437
95,10,0.120653127,95,10,1.304948437
95,10,0.120653127,95,10,1.304948437
95,10,0.120653127,95,10,1.304948437
95,10,0.120653127,95,10,1.304948437
95,10,0.120653127,95,10,1.304948437
95,10,0.120653127,95,10,1.304948437
95,10,0.120653127,95,10,1.304948437
95,10,0.120653127,95,10,1.304948437
95,10,0.120653127,95,10,1.304948437
95,10,0.120653127,95,10,1.304948437
95,10,0.120653127,95,10,1.304948437
95,10,0.120653127,95,10,1.304948437
95,10,0.120653127,95,10,1.304948437
95,10,0.120653127,95,10,1.304948437
13,16,0.125765935,5,16,1.166615915
13,16,0.115098522,95,10,1.145118354
13,16,0.115098522,95,10,1.145118354
13,16,0.115098522,95,10,1.145118354
13,16,0.115098522,95,10,1.145118354
13,16,0.115098522,95,10,1.145118354
13,16,0.115098522,95,10,1.145118354
13,16,0.115098522,95,10,1.145118354
13,16,0.115098522,95,10,1.145118354
13,16,0.115098522,95,10,1.145118354
13,16,0.115098522,95,10,1.145118354
13,16,0.115098522,95,10,1.145118354
13,16,0.115098522,95,10,1.145118354
13,16,0.115098522,95,10,1.145118354
13,16,0.115098522,95,10,1.145118354
13,16,0.115098522,95,10,1.145118354
95,10,0.120653127,95,10,1.304948437
98,117,0.23684021,98,117,1.571573538
98,117,0.23684021,98,117,1.571573538
98,117,0.23684021,98,117,1.571573538
98,117,0.23684021,98,117,1.571573538
98,117,0.23684021,98,117,1.571573538
98,117,0.23684021,98,117,1.571573538
98,117,0.23684021,98,117,1.571573538
98,117,0.23684021,98,117,1.571573538
98,117,0.23684021,98,117,1.571573538
98,117,0.23684021,98,117,1.571573538
98,117,0.23684021,98,117,1.571573538
98,117,0.23684021,98,117,1.571573538
98,117,0.23684021,98,117,1.571573538
98,117,0.23684021,98,117,1.571573538
98,117,0.23684021,98,117,1.571573538
13,16,0.115098522,95,10,1.145118354
73,114,0.333015505,73,114,2.810865253
73,114,0.333015505,73,114,2.810865253
73,114,0.333015505,73,114,2.810865253
73,114,0.333015505,73,114,2.810865253
73,114,0.333015505,73,114,2.810865253
73,114,0.333015505,73,114,2.810865253
73,114,0.333015505,73,114,2.810865253
73,114,0.333015505,73,114,2.810865253
73,114,0.333015505,73,114,2.810865253
73,114,0.333015505,73,114,2.810865253
73,114,0.333015505,73,114,2.810865253
73,114,0.333015505,73,114,2.810865253
73,114,0.333015505,73,114,2.810865253
73,114,0.333015505,73,114,2.810865253
73,114,0.333015505,73,114,2.810865253
98,117,0.23684021,98,117,1.571573538
98,117,0.23684021,98,117,1.571573538
73,114,0.301311968,73,114,2.473673047
73,114,0.301311968,73,114,2.473673047
73,114,0.301311968,73,114,2.473673047
73,114,0.301311968,73,114,2.473673047
73,114,0.301311968,73,114,2.473673047
73,114,0.301311968,73,114,2.473673047
73,114,0.301311968,73,114,2.473673047
73,114,0.301311968,73,114,2.473673047
73,114,0.301311968,73,114,2.473673047
73,114,0.301311968,73,114,2.473673047
73,114,0.301311968,73,114,2.473673047
73,114,0.301311968,73,114,2.473673047
73,114,0.301311968,73,114,2.473673047
73,114,0.301311968,73,114,2.473673047
73,114,0.333015505,73,114,2.810865253
73,114,0.333015505,73,114,2.810865253
73,114,0.324656074,73,114,2.749539848
73,114,0.324656074,73,114,2.749539848
73,114,0.324656074,73,114,2.749539848
73,114,0.324656074,73,114,2.749539848
73,114,0.324656074,73,114,2.749539848
73,114,0.324656074,73,114,2.749539848
73,114,0.324656074,73,114,2.749539848
73,114,0.324656074,73,114,2.749539848
73,114,0.324656074,73,114,2.749539848
73,114,0.324656074,73,114,2.749539848
73,114,0.324656074,73,114,2.749539848
73,114,0.324656074,73,114,2.749539848
73,114,0.324656074,73,114,2.749539848
73,114,0.324656074,73,114,2.749539848
73,114,0.301311968,73,114,2.473673047
73,114,0.301311968,73,114,2.473673047
73,114,0.302661727,73,114,2.509583172
73,114,0.302661727,73,114,2.509583172
73,114,0.302661727,73,114,2.509583172
73,114,0.302661727,73,114,2.509583172
73,114,0.302661727,73,114,2.509583172
73,114,0.302661727,73,114,2.509583172
73,114,0.302661727,73,114,2.509583172
73,114,0.302661727,73,114,2.509583172
73,114,0.302661727,73,114,2.509583172
73,114,0.302661727,73,114,2.509583172
73,114,0.302661727,73,114,2.509583172
73,114,0.302661727,73,114,2.509583172
73,114,0.302661727,73,114,2.509583172
73,114,0.302661727,73,114,2.509583172
73,114,0.324656074,73,114,2.749539848
73,114,0.324656074,73,114,2.749539848
73,114,0.316374986,73,114,2.642044832
73,114,0.316374986,73,114,2.642044832
73,114,0.316374986,73,114,2.642044832
73,114,0.316374986,73,114,2.642044832
73,114,0.316374986,73,114,2.642044832
73,114,0.316374986,73,114,2.642044832
73,114,0.316374986,73,114,2.642044832
73,114,0.316374986,73,114,2.642044832
73,114,0.316374986,73,114,2.642044832
73,114,0.316374986,73,114,2.642044832
73,114,0.316374986,73,114,2.642044832
73,114,0.316374986,73,114,2.642044832
73,114,0.316374986,73,114,2.642044832
73,114,0.316374986,73,114,2.642044832
73,114,0.302661727,73,114,2.509583172
73,114,0.302661727,73,114,2.509583172
73,114,0.271941986,73,114,2.223603749
73,114,0.271941986,73,114,2.223603749
73,114,0.271941986,73,114,2.223603749
73,114,0.271941986,73,114,2.223603749
73,114,0.271941986,73,114,2.223603749
73,114,0.271941986,73,114,2.223603749
73,114,0.271941986,73,114,2.223603749
73,114,0.271941986,73,114,2.223603749
73,114,0.271941986,73,114,2.223603749
73,114,0.271941986,73,114,2.223603749
73,114,0.271941986,73,114,2.223603749
73,114,0.271941986,73,114,2.223603749
73,114,0.271941986,73,114,2.223603749
73,114,0.271941986,73,114,2.223603749
73,114,0.316374986,73,114,2.642044832
73,114,0.316374986,73,114,2.642044832
73,114,0.267266627,73,114,2.196917792
73,114,0.267266627,73,114,2.196917792
73,114,0.267266627,73,114,2.196917792
73,114,0.267266627,73,114,2.196917792
73,114,0.267266627,73,114,2.196917792
73,114,0.267266627,73,114,2.196917792
73,114,0.267266627,73,114,2.196917792
73,114,0.267266627,73,114,2.196917792
73,114,0.267266627,73,114,2.196917792
73,114,0.267266627,73,114,2.196917792
73,114,0.267266627,73,114,2.196917792
73,114,0.267266627,73,114,2.196917792
73,114,0.267266627,73,114,2.196917792
73,114,0.267266627,73,114,2.196917792
73,114,0.267266627,73,114,2.196917792
73,114,0.271941986,73,114,2.223603749
73,114,0.286770651,73,114,2.40956493
73,114,0.286770651,73,114,2.40956493
73,114,0.286770651,73,114,2.40956493
73,114,0.286770651,73,114,2.40956493
73,114,0.286770651,73,114,2.40956493
73,114,0.286770651,73,114,2.40956493
73,114,0.286770651,73,114,2.40956493
73,114,0.286770651,73,114,2.40956493
73,114,0.286770651,73,114,2.40956493
73,114,0.286770651,73,114,2.40956493
73,114,0.286770651,73,114,2.40956493
73,114,0.286770651,73,114,2.40956493
73,114,0.286770651,73,114,2.40956493
73,114,0.286770651,73,114,2.40956493
73,114,0.286770651,73,114,2.40956493
73,114,0.267266627,73,114,2.196917792
73,114,0.295976144,73,114,2.521629711
73,114,0.295976144,73,114,2.521629711
73,114,0.295976144,73,114,2.521629711
73,114,0.295976144,73,114,2.521629711
73,114,0.295976144,73,114,2.521629711
73,114,0.295976144,73,114,2.521629711
73,114,0.295976144,73,114,2.521629711
73,114,0.295976144,73,114,2.521629711
73,114,0.295976144,73,114,2.521629711
73,114,0.295976144,73,114,2.521629711
73,114,0.295976144,73,114,2.521629711
73,114,0.295976144,73,114,2.521629711
73,114,0.295976144,73,114,2.521629711
73,114,0.295976144,73,114,2.521629711
73,114,0.295976144,73,114,2.521629711
73,114,0.286770651,73,114,2.40956493
73,114,0.285611333,73,114,2.40809582
73,114,0.285611333,73,114,2.40809582
73,114,0.285611333,73,114,2.40809582
73,114,0.285611333,73,114,2.40809582
73,114,0.285611333,73,114,2.40809582
73,114,0.285611333,73,114,2.40809582
73,114,0.285611333,73,114,2.40809582
73,114,0.285611333,73,114,2.40809582
73,114,0.285611333,73,114,2.40809582
73,114,0.285611333,73,114,2.40809582
73,114,0.285611333,73,114,2.40809582
73,114,0.285611333,73,114,2.40809582
73,114,0.285611333,73,114,2.40809582
73,114,0.285611333,73,114,2.40809582
73,114,0.285611333,73,114,2.40809582
73,114,0.295976144,73,114,2.521629711
73,114,0.295976144,73,114,2.521629711
73,114,0.27895344,73,114,2.291829864
73,114,0.27895344,73,114,2.291829864
73,114,0.27895344,73,114,2.291829864
73,114,0.27895344,73,114,2.291829864
73,114,0.27895344,73,114,2.291829864
73,114,0.27895344,73,114,2.291829864
73,114,0.27895344,73,114,2.291829864
73,114,0.27895344,73,114,2.291829864
73,114,0.27895344,73,114,2.291829864
73,114,0.27895344,73,114,2.291829864
73,114,0.27895344,73,114,2.291829864
73,114,0.27895344,73,114,2.291829864
73,114,0.27895344,73,114,2.291829864
73,114,0.27895344,73,114,2.291829864
73,114,0.285611333,73,114,2.40809582
73,114,0.285611333,73,114,2.40809582
7,100,0.177923629,7,100,1.366778051
7,100,0.177923629,7,100,1.366778051
7,100,0.177923629,7,100,1.366778051
7,100,0.177923629,7,100,1.366778051
7,100,0.177923629,7,100,1.366778051
7,100,0.177923629,7,100,1.366778051
7,100,0.177923629,7,100,1.366778051
7,100,0.177923629,7,100,1.366778051
7,100,0.177923629,7,100,1.366778051
7,100,0.177923629,7,100,1.366778051
7,100,0.177923629,7,100,1.366778051
7,100,0.177923629,7,100,1.366778051
7,100,0.177923629,7,100,1.366778051
7,100,0.177923629,7,100,1.366778051
73,114,0.27895344,73,114,2.291829864
73,114,0.27895344,73,114,2.291829864
7,100,0.176827756,7,100,1.364352245
7,100,0.176827756,7,100,1.364352245
7,100,0.176827756,7,100,1.364352245
7,100,0.176827756,7,100,1.364352245
7,100,0.176827756,7,100,1.364352245
7,100,0.176827756,7,100,1.364352245
7,100,0.176827756,7,100,1.364352245
7,100,0.176827756,7,100,1.364352245
7,100,0.176827756,7,100,1.364352245
7,100,0.176827756,7,100,1.364352245
7,100,0.176827756,7,100,1.364352245
7,100,0.176827756,7,100,1.364352245
7,100,0.176827756,7,100,1.364352245
7,100,0.176827756,7,100,1.364352245
7,100,0.177923629,7,100,1.366778051
7,100,0.177923629,7,100,1.366778051
7,100,0.171282044,7,100,1.305461447
7,100,0.171282044,7,100,1.305461447
7,100,0.171282044,7,100,1.305461447
7,100,0.171282044,7,100,1.305461447
7,100,0.171282044,7,100,1.305461447
7,100,0.171282044,7,100,1.305461447
7,100,0.171282044,7,100,1.305461447
7,100,0.171282044,7,100,1.305461447
7,100,0.171282044,7,100,1.305461447
7,100,0.171282044,7,100,1.305461447
7,100,0.171282044,7,100,1.305461447
7,100,0.171282044,7,100,1.305461447
7,100,0.171282044,7,100,1.305461447
7,100,0.171282044,7,100,1.305461447
7,100,0.176827756,7,100,1.364352245
7,100,0.176827756,7,100,1.364352245
7,100,0.182036828,7,100,1.425274382
7,100,0.182036828,7,100,1.425274382
7,100,0.182036828,7,100,1.425274382
7,100,0.182036828,7,100,1.425274382
7,100,0.182036828,7,100,1.425274382
7,100,0.182036828,7,100,1.425274382
7,100,0.182036828,7,100,1.425274382
7,100,0.182036828,7,100,1.425274382
7,100,0.182036828,7,100,1.425274382
7,100,0.182036828,7,100,1.425274382
7,100,0.182036828,7,100,1.425274382
7,100,0.182036828,7,100,1.425274382
7,100,0.182036828,7,100,1.425274382
7,100,0.182036828,7,100,1.425274382
7,100,0.171282044,7,100,1.305461447
7,100,0.171282044,7,100,1.305461447
14,16,0.108323905,95,10,1.11286919
14,16,0.108323905,95,10,1.11286919
14,16,0.108323905,95,10,1.11286919
14,16,0.108323905,95,10,1.11286919
14,16,0.108323905,95,10,1.11286919
14,16,0.108323905,95,10,1.11286919
14,16,0.108323905,95,10,1.11286919
14,16,0.108323905,95,10,1.11286919
14,16,0.108323905,95,10,1.11286919
14,16,0.108323905,95,10,1.11286919
14,16,0.108323905,95,10,1.11286919
14,16,0.108323905,95,10,1.11286919
14,16,0.108323905,95,10,1.11286919
14,16,0.108323905,95,10,1.11286919
14,16,0.108323905,95,10,1.11286919
7,100,0.182036828,7,100,1.425274382
95,10,0.123395173,95,10,1.344601282
95,10,0.123395173,95,10,1.344601282
95,10,0.123395173,95,10,1.344601282
95,10,0.123395173,95,10,1.344601282
95,10,0.123395173,95,10,1.344601282
95,10,0.123395173,95,10,1.344601282
95,10,0.123395173,95,10,1.344601282
95,10,0.123395173,95,10,1.344601282
95,10,0.123395173,95,10,1.344601282
95,10,0.123395173,95,10,1.344601282
95,10,0.123395173,95,10,1.344601282
95,10,0.123395173,95,10,1.344601282
95,10,0.123395173,95,10,1.344601282
95,10,0.123395173,95,10,1.344601282
95,10,0.123395173,95,10,1.344601282
14,16,0.108323905,95,10,1.11286919
13,16,0.120708254,95,10,1.20229176
13,16,0.120708254,95,10,1.20229176
13,16,0.120708254,95,10,1.20229176
13,16,0.120708254,95,10,1.20229176
13,16,0.120708254,95,10,1.20229176
13,16,0.120708254,95,10,1.20229176
13,16,0.120708254,95,10,1.20229176
13,16,0.120708254,95,10,1.20229176
13,16,0.120708254,95,10,1.20229176
13,16,0.120708254,95,10,1.20229176
13,16,0.120708254,95,10,1.20229176
13,16,0.120708254,95,10,1.20229176
13,16,0.120708254,95,10,1.20229176
13,16,0.120708254,95,10,1.20229176
13,16,0.120708254,95,10,1.20229176
95,10,0.123395173,95,10,1.344601282
14,16,0.124551867,95,10,1.277687142
14,16,0.124551867,95,10,1.277687142
14,16,0.124551867,95,10,1.277687142
14,16,0.124551867,95,10,1.277687142
14,16,0.124551867,95,10,1.277687142
14,16,0.124551867,95,10,1.277687142
14,16,0.124551867,95,10,1.277687142
14,16,0.124551867,95,10,1.277687142
14,16,0.124551867,95,10,1.277687142
14,16,0.124551867,95,10,1.277687142
14,16,0.124551867,95,10,1.277687142
14,16,0.124551867,95,10,1.277687142
14,16,0.124551867,95,10,1.277687142
14,16,0.124551867,95,10,1.277687142
14,16,0.124551867,95,10,1.277687142
13,16,0.120708254,95,10,1.20229176
13,16,0.120708254,95,10,1.20229176
14,16,0.127426235,95,10,1.261405198
14,16,0.127426235,95,10,1.261405198
14,16,0.127426235,95,10,1.261405198
14,16,0.127426235,95,10,1.261405198
14,16,0.127426235,95,10,1.261405198
14,16,0.127426235,95,10,1.261405198
14,16,0.127426235,95,10,1.261405198
14,16,0.127426235,95,10,1.261405198
14,16,0.127426235,95,10,1.261405198
14,16,0.127426235,95,10,1.261405198
14,16,0.127426235,95,10,1.261405198
14,16,0.127426235,95,10,1.261405198
14,16,0.127426235,95,10,1.261405198
14,16,0.127426235,95,10,1.261405198
14,16,0.124551867,95,10,1.277687142
14,16,0.124551867,95,10,1.277687142
83,68,0.189409866,83,68,1.562066116
83,68,0.189409866,83,68,1.562066116
83,68,0.189409866,83,68,1.562066116
83,68,0.189409866,83,68,1.562066116
83,68,0.189409866,83,68,1.562066116
83,68,0.189409866,83,68,1.562066116
83,68,0.189409866,83,68,1.562066116
83,68,0.189409866,83,68,1.562066116
83,68,0.189409866,83,68,1.562066116
83,68,0.189409866,83,68,1.562066116
83,68,0.189409866,83,68,1.562066116
83,68,0.189409866,83,68,1.562066116
83,68,0.189409866,83,68,1.562066116
83,68,0.189409866,83,68,1.562066116
14,16,0.127426235,95,10,1.261405198
14,16,0.127426235,95,10,1.261405198
83,68,0.178350211,85,67,1.498138407
83,68,0.178350211,85,67,1.498138407
83,68,0.178350211,85,67,1.498138407
83,68,0.178350211,85,67,1.498138407
83,68,0.178350211,85,67,1.498138407
83,68,0.178350211,85,67,1.498138407
83,68,0.178350211,85,67,1.498138407
83,68,0.178350211,85,67,1.498138407
83,68,0.178350211,85,67,1.498138407
83,68,0.178350211,85,67,1.498138407
83,68,0.178350211,85,67,1.498138407
83,68,0.178350211,85,67,1.498138407
83,68,0.178350211,85,67,1.498138407
83,68,0.178350211,85,67,1.498138407
83,68,0.189409866,83,68,1.562066116
83,68,0.189409866,83,68,1.562066116
83,68,0.185441573,85,67,1.499230551
83,68,0.185441573,85,67,1.499230551
83,68,0.185441573,85,67,1.499230551
83,68,0.185441573,85,67,1.499230551
83,68,0.185441573,85,67,1.499230551
83,68,0.185441573,85,67,1.499230551
83,68,0.185441573,85,67,1.499230551
83,68,0.185441573,85,67,1.499230551
83,68,0.185441573,85,67,1.499230551
83,68,0.185441573,85,67,1.499230551
83,68,0.185441573,85,67,1.499230551
83,68,0.185441573,85,67,1.499230551
83,68,0.185441573,85,67,1.499230551
83,68,0.185441573,85,67,1.499230551
83,68,0.178350211,85,67,1.498138407
83,68,0.178350211,85,67,1.498138407
83,68,0.194084057,85,67,1.530381415
83,68,0.194084057,85,67,1.530381415
83,68,0.194084057,85,67,1.530381415
83,68,0.194084057,85,67,1.530381415
83,68,0.194084057,85,67,1.530381415
83,68,0.194084057,85,67,1.530381415
83,68,0.194084057,85,67,1.530381415
83,68,0.194084057,85,67,1.530381415
83,68,0.194084057,85,67,1.530381415
83,68,0.194084057,85,67,1.530381415
83,68,0.194084057,85,67,1.530381415
83,68,0.194084057,85,67,1.530381415
83,68,0.194084057,85,67,1.530381415
83,68,0.194084057,85,67,1.530381415
83,68,0.194084057,85,67,1.530381415
83,68,0.185441573,85,67,1.499230551
83,68,0.182105777,85,67,1.466657923
83,68,0.182105777,85,67,1.466657923
83,68,0.182105777,85,67,1.466657923
83,68,0.182105777,85,67,1.466657923
83,68,0.182105777,85,67,1.466657923
83,68,0.182105777,85,67,1.466657923
83,68,0.182105777,85,67,1.466657923
83,68,0.182105777,85,67,1.466657923
83,68,0.182105777,85,67,1.466657923
83,68,0.182105777,85,67,1.466657923
83,68,0.182105777,85,67,1.466657923
83,68,0.182105777,85,67,1.466657923
83,68,0.182105777,85,67,1.466657923
83,68,0.182105777,85,67,1.466657923
83,68,0.182105777,85,67,1.466657923
83,68,0.194084057,85,67,1.530381415
25,77,0.277923173,25,77,2.390525395
25,77,0.277923173,25,77,2.390525395
25,77,0.277923173,25,77,2.390525395
25,77,0.277923173,25,77,2.390525395
25,77,0.277923173,25,77,2.390525395
25,77,0.277923173,25,77,2.390525395
25,77,0.277923173,25,77,2.390525395
25,77,0.277923173,25,77,2.390525395
25,77,0.277923173,25,77,2.390525395
25,77,0.277923173,25,77,2.390525395
25,77,0.277923173,25,77,2.390525395
25,77,0.277923173,25,77,2.390525395
25,77,0.277923173,25,77,2.390525395
25,77,0.277923173,25,77,2.390525395
25,77,0.277923173,25,77,2.390525395
83,68,0.182105777,85,67,1.466657923
25,77,0.293708755,25,77,2.524084578
25,77,0.293708755,25,77,2.524084578
25,77,0.293708755,25,77,2.524084578
25,77,0.293708755,25,77,2.524084578
25,77,0.293708755,25,77,2.524084578
25,77,0.293708755,25,77,2.524084578
25,77,0.293708755,25,77,2.524084578
25,77,0.293708755,25,77,2.524084578
25,77,0.293708755,25,77,2.524084578
25,77,0.293708755,25,77,2.524084578
25,77,0.293708755,25,77,2.524084578
25,77,0.293708755,25,77,2.524084578
25,77,0.293708755,25,77,2.524084578
25,77,0.293708755,25,77,2.524084578
25,77,0.293708755,25,77,2.524084578
25,77,0.277923173,25,77,2.390525395
25,77,0.30276645,25,77,2.642349374
25,77,0.30276645,25,77,2.642349374
25,77,0.30276645,25,77,2.642349374
25,77,0.30276645,25,77,2.642349374
25,77,0.30276645,25,77,2.642349374
25,77,0.30276645,25,77,2.642349374
25,77,0.30276645,25,77,2.642349374
25,77,0.30276645,25,77,2.642349374
25,77,0.30276645,25,77,2.642349374
25,77,0.30276645,25,77,2.642349374
25,77,0.30276645,25,77,2.642349374
25,77,0.30276645,25,77,2.642349374
25,77,0.30276645,25,77,2.642349374
25,77,0.30276645,25,77,2.642349374
25,77,0.30276645,25,77,2.642349374
25,77,0.293708755,25,77,2.524084578
25,77,0.293708755,25,77,2.524084578
25,77,0.309171913,25,77,2.686079613
25,77,0.309171913,25,77,2.686079613
25,77,0.309171913,25,77,2.686079613
25,77,0.309171913,25,77,2.686079613
25,77,0.309171913,25,77,2.686079613
25,77,0.309171913,25,77,2.686079613
25,77,0.309171913,25,77,2.686079613
25,77,0.309171913,25,77,2.686079613
25,77,0.309171913,25,77,2.686079613
25,77,0.309171913,25,77,2.686079613
25,77,0.309171913,25,77,2.686079613
25,77,0.309171913,25,77,2.686079613
25,77,0.309171913,25,77,2.686079613
25,77,0.309171913,25,77,2.686079613
25,77,0.30276645,25,77,2.642349374
25,77,0.30276645,25,77,2.642349374
25,77,0.28994179,25,77,2.485613819
25,77,0.28994179,25,77,2.485613819
25,77,0.28994179,25,77,2.485613819
25,77,0.28994179,25,77,2.485613819
25,77,0.28994179,25,77,2.485613819
25,77,0.28994179,25,77,2.485613819
25,77,0.28994179,25,77,2.485613819
25,77,0.28994179,25,77,2.485613819
25,77,0.28994179,25,77,2.485613819
25,77,0.28994179,25,77,2.485613819
25,77,0.28994179,25,77,2.485613819
25,77,0.28994179,25,77,2.485613819
25,77,0.28994179,25,77,2.485613819
25,77,0.28994179,25,77,2.485613819
25,77,0.309171913,25,77,2.686079613
25,77,0.309171913,25,77,2.686079613
25,77,0.292678898,25,77,2.515983189
25,77,0.292678898,25,77,2.515983189
25,77,0.292678898,25,77,2.515983189
25,77,0.292678898,25,77,2.515983189
25,77,0.292678898,25,77,2.515983189
25,77,0.292678898,25,77,2.515983189
25,77,0.292678898,25,77,2.515983189
25,77,0.292678898,25,77,2.515983189
25,77,0.292678898,25,77,2.515983189
25,77,0.292678898,25,77,2.515983189
25,77,0.292678898,25,77,2.515983189
25,77,0.292678898,25,77,2.515983189
25,77,0.292678898,25,77,2.515983189
25,77,0.292678898,25,77,2.515983189
25,77,0.28994179,25,77,2.485613819
25,77,0.28994179,25,77,2.485613819
108,62,0.145580947,108,62,1.413755477
108,62,0.145580947,108,62,1.413755477
108,62,0.145580947,108,62,1.413755477
108,62,0.145580947,108,62,1.413755477
108,62,0.145580947,108,62,1.413755477
108,62,0.145580947,108,62,1.413755477
108,62,0.145580947,108,62,1.413755477
108,62,0.145580947,108,62,1.413755477
108,62,0.145580947,108,62,1.413755477
108,62,0.145580947,108,62,1.413755477
108,62,0.145580947,108,62,1.413755477
108,62,0.145580947,108,62,1.413755477
108,62,0.145580947,108,62,1.413755477
108,62,0.145580947,108,62,1.413755477
25,77,0.292678898,25,77,2.515983189
25,77,0.292678898,25,77,2.515983189
25,77,0.351276983,25,77,3.077004009
25,77,0.351276983,25,77,3.077004009
25,77,0.351276983,25,77,3.077004009
25,77,0.351276983,25,77,3.077004009
25,77,0.351276983,25,77,3.077004009
25,77,0.351276983,25,77,3.077004009
25,77,0.351276983,25,77,3.077004009
25,77,0.351276983,25,77,3.077004009
25,77,0.351276983,25,77,3.077004009
25,77,0.351276983,25,77,3.077004009
25,77,0.351276983,25,77,3.077004009
25,77,0.351276983,25,77,3.077004009
25,77,0.351276983,25,77,3.077004009
25,77,0.351276983,25,77,3.077004009
108,62,0.145580947,108,62,1.413755477
108,62,0.145580947,108,62,1.413755477
25,77,0.349517052,25,77,3.041568486
25,77,0.349517052,25,77,3.041568486
25,77,0.349517052,25,77,3.041568486
25,77,0.349517052,25,77,3.041568486
25,77,0.349517052,25,77,3.041568486
25,77,0.349517052,25,77,3.041568486
25,77,0.349517052,25,77,3.041568486
25,77,0.349517052,25,77,3.041568486
25,77,0.349517052,25,77,3.041568486
25,77,0.349517052,25,77,3.041568486
25,77,0.349517052,25,77,3.041568486
25,77,0.349517052,25,77,3.041568486
25,77,0.349517052,25,77,3.041568486
25,77,0.349517052,25,77,3.041568486
25,77,0.349517052,25,77,3.041568486
25,77,0.351276983,25,77,3.077004009
46,76,0.343460968,25,77,2.917136129
46,76,0.343460968,25,77,2.917136129
46,76,0.343460968,25,77,2.917136129
46,76,0.343460968,25,77,2.917136129
46,76,0.343460968,25,77,2.917136129
46,76,0.343460968,25,77,2.917136129
46,76,0.343460968,25,77,2.917136129
46,76,0.343460968,25,77,2.917136129
46,76,0.343460968,25,77,2.917136129
46,76,0.343460968,25,77,2.917136129
46,76,0.343460968,25,77,2.917136129
46,76,0.343460968,25,77,2.917136129
46,76,0.343460968,25,77,2.917136129
46,76,0.343460968,25,77,2.917136129
46,76,0.343460968,25,77,2.917136129
25,77,0.349517052,25,77,3.041568486
95,10,0.125473183,95,10,1.384070722
95,10,0.125473183,95,10,1.384070722
95,10,0.125473183,95,10,1.384070722
95,10,0.125473183,95,10,1.384070722
95,10,0.125473183,95,10,1.384070722
95,10,0.125473183,95,10,1.384070722
95,10,0.125473183,95,10,1.384070722
95,10,0.125473183,95,10,1.384070722
95,10,0.125473183,95,10,1.384070722
95,10,0.125473183,95,10,1.384070722
95,10,0.125473183,95,10,1.384070722
95,10,0.125473183,95,10,1.384070722
95,10,0.125473183,95,10,1.384070722
95,10,0.125473183,95,10,1.384070722
95,10,0.125473183,95,10,1.384070722
46,76,0.343460968,25,77,2.917136129
46,76,0.343460968,25,77,2.917136129
14,16,0.122689121,95,10,1.322852545
14,16,0.122689121,95,10,1.322852545
14,16,0.122689121,95,10,1.322852545
14,16,0.122689121,95,10,1.322852545
14,16,0.122689121,95,10,1.322852545
14,16,0.122689121,95,10,1.322852545
14,16,0.122689121,95,10,1.322852545
14,16,0.122689121,95,10,1.322852545
14,16,0.122689121,95,10,1.322852545
14,16,0.122689121,95,10,1.322852545
14,16,0.122689121,95,10,1.322852545
14,16,0.122689121,95,10,1.322852545
14,16,0.122689121,95,10,1.322852545
14,16,0.122689121,95,10,1.322852545
95,10,0.125473183,95,10,1.384070722
95,10,0.125473183,95,10,1.384070722
14,16,0.120698621,95,10,1.263947631
14,16,0.120698621,95,10,1.263947631
14,16,0.120698621,95,10,1.263947631
14,16,0.120698621,95,10,1.263947631
14,16,0.120698621,95,10,1.263947631
14,16,0.120698621,95,10,1.263947631
14,16,0.120698621,95,10,1.263947631
14,16,0.120698621,95,10,1.263947631
14,16,0.120698621,95,10,1.263947631
14,16,0.120698621,95,10,1.263947631
14,16,0.120698621,95,10,1.263947631
14,16,0.120698621,95,10,1.263947631
14,16,0.120698621,95,10,1.263947631
14,16,0.120698621,95,10,1.263947631
14,16,0.122689121,95,10,1.322852545
14,16,0.122689121,95,10,1.322852545
65,43,0.307186991,65,43,2.421016447
65,43,0.307186991,65,43,2.421016447
65,43,0.307186991,65,43,2.421016447
65,43,0.307186991,65,43,2.421016447
65,43,0.307186991,65,43,2.421016447
65,43,0.307186991,65,43,2.421016447
65,43,0.307186991,65,43,2.421016447
65,43,0.307186991,65,43,2.421016447
65,43,0.307186991,65,43,2.421016447
65,43,0.307186991,65,43,2.421016447
65,43,0.307186991,65,43,2.421016447
65,43,0.307186991,65,43,2.421016447
65,43,0.307186991,65,43,2.421016447
65,43,0.307186991,65,43,2.421016447
14,16,0.120698621,95,10,1.263947631
14,16,0.120698621,95,10,1.263947631
83,42,0.231709262,65,43,1.832500415
83,42,0.231709262,65,43,1.832500415
83,42,0.231709262,65,43,1.832500415
83,42,0.231709262,65,43,1.832500415
83,42,0.231709262,65,43,1.832500415
83,42,0.231709262,65,43,1.832500415
83,42,0.231709262,65,43,1.832500415
83,42,0.231709262,65,43,1.832500415
83,42,0.231709262,65,43,1.832500415
83,42,0.231709262,65,43,1.832500415
83,42,0.231709262,65,43,1.832500415
83,42,0.231709262,65,43,1.832500415
83,42,0.231709262,65,43,1.832500415
83,42,0.231709262,65,43,1.832500415
65,43,0.307186991,65,43,2.421016447
65,43,0.307186991,65,43,2.421016447
65,43,0.246973188,65,43,1.994581476
65,43,0.246973188,65,43,1.994581476
65,43,0.246973188,65,43,1.994581476
65,43,0.246973188,65,43,1.994581476
65,43,0.246973188,65,43,1.994581476
65,43,0.246973188,65,43,1.994581476
65,43,0.246973188,65,43,1.994581476
65,43,0.246973188,65,43,1.994581476
65,43,0.246973188,65,43,1.994581476
65,43,0.246973188,65,43,1.994581476
65,43,0.246973188,65,43,1.994581476
65,43,0.246973188,65,43,1.994581476
65,43,0.246973188,65,43,1.994581476
65,43,0.246973188,65,43,1.994581476
83,42,0.231709262,65,43,1.832500415
83,42,0.231709262,65,43,1.832500415
65,43,0.246405419,65,43,2.008775486
65,43,0.246405419,65,43,2.008775486
65,43,0.246405419,65,43,2.008775486
65,43,0.246405419,65,43,2.008775486
65,43,0.246405419,65,43,2.008775486
65,43,0.246405419,65,43,2.008775486
65,43,0.246405419,65,43,2.008775486
65,43,0.246405419,65,43,2.008775486
65,43,0.246405419,65,43,2.008775486
65,43,0.246405419,65,43,2.008775486
65,43,0.246405419,65,43,2.008775486
65,43,0.246405419,65,43,2.008775486
65,43,0.246405419,65,43,2.008775486
65,43,0.246405419,65,43,2.008775486
65,43,0.246973188,65,43,1.994581476
65,43,0.246973188,65,43,1.994581476
65,43,0.263909932,65,43,2.213343338
65,43,0.263909932,65,43,2.213343338
65,43,0.263909932,65,43,2.213343338
65,43,0.263909932,65,43,2.213343338
65,43,0.263909932,65,43,2.213343338
65,43,0.263909932,65,43,2.213343338
65,43,0.263909932,65,43,2.213343338
65,43,0.263909932,65,43,2.213343338
65,43,0.263909932,65,43,2.213343338
65,43,0.263909932,65,43,2.213343338
65,43,0.263909932,65,43,2.213343338
65,43,0.263909932,65,43,2.213343338
65,43,0.263909932,65,43,2.213343338
65,43,0.263909932,65,43,2.213343338
65,43,0.263909932,65,43,2.213343338
65,43,0.246405419,65,43,2.008775486
65,43,0.243156742,65,43,1.971250109
65,43,0.243156742,65,43,1.971250109
65,43,0.243156742,65,43,1.971250109
65,43,0.243156742,65,43,1.971250109
65,43,0.243156742,65,43,1.971250109
65,43,0.243156742,65,43,1.971250109
65,43,0.243156742,65,43,1.971250109
65,43,0.243156742,65,43,1.971250109
65,43,0.243156742,65,43,1.971250109
65,43,0.243156742,65,43,1.971250109
65,43,0.243156742,65,43,1.971250109
65,43,0.243156742,65,43,1.971250109
65,43,0.243156742,65,43,1.971250109
65,43,0.243156742,65,43,1.971250109
65,43,0.243156742,65,43,1.971250109
65,43,0.263909932,65,43,2.213343338
83,42,0.22852246,83,42,1.760804182
83,42,0.22852246,83,42,1.760804182
83,42,0.22852246,83,42,1.760804182
83,42,0.22852246,83,42,1.760804182
83,42,0.22852246,83,42,1.760804182
83,42,0.22852246,83,42,1.760804182
83,42,0.22852246,83,42,1.760804182
83,42,0.22852246,83,42,1.760804182
83,42,0.22852246,83,42,1.760804182
83,42,0.22852246,83,42,1.760804182
83,42,0.22852246,83,42,1.760804182
83,42,0.22852246,83,42,1.760804182
83,42,0.22852246,83,42,1.760804182
83,42,0.22852246,83,42,1.760804182
83,42,0.22852246,83,42,1.760804182
65,43,0.243156742,65,43,1.971250109
65,43,0.243156742,65,43,1.971250109
96,8,0.110839561,96,8,1.111159176
96,8,0.110839561,96,8,1.111159176
96,8,0.110839561,96,8,1.111159176
96,8,0.110839561,96,8,1.111159176
96,8,0.110839561,96,8,1.111159176
96,8,0.110839561,96,8,1.111159176
96,8,0.110839561,96,8,1.111159176
96,8,0.110839561,96,8,1.111159176
96,8,0.110839561,96,8,1.111159176
96,8,0.110839561,96,8,1.111159176
96,8,0.110839561,96,8,1.111159176
96,8,0.110839561,96,8,1.111159176
96,8,0.110839561,96,8,1.111159176
96,8,0.110839561,96,8,1.111159176
83,42,0.22852246,83,42,1.760804182
83,42,0.22852246,83,42,1.760804182
14,16,0.122079338,95,10,1.19097242
14,16,0.122079338,95,10,1.19097242
14,16,0.122079338,95,10,1.19097242
14,16,0.122079338,95,10,1.19097242
14,16,0.122079338,95,10,1.19097242
14,16,0.122079338,95,10,1.19097242
14,16,0.122079338,95,10,1.19097242
14,16,0.122079338,95,10,1.19097242
14,16,0.122079338,95,10,1.19097242
14,16,0.122079338,95,10,1.19097242
14,16,0.122079338,95,10,1.19097242
14,16,0.122079338,95,10,1.19097242
14,16,0.122079338,95,10,1.19097242
14,16,0.122079338,95,10,1.19097242
96,8,0.110839561,96,8,1.111159176
96,8,0.110839561,96,8,1.111159176
13,16,0.119820662,95,10,1.164869563
13,16,0.119820662,95,10,1.164869563
13,16,0.119820662,95,10,1.164869563
13,16,0.119820662,95,10,1.164869563
13,16,0.119820662,95,10,1.164869563
13,16,0.119820662,95,10,1.164869563
13,16,0.119820662,95,10,1.164869563
13,16,0.119820662,95,10,1.164869563
13,16,0.119820662,95,10,1.164869563
13,16,0.119820662,95,10,1.164869563
13,16,0.119820662,95,10,1.164869563
13,16,0.119820662,95,10,1.164869563
13,16,0.119820662,95,10,1.164869563
13,16,0.119820662,95,10,1.164869563
14,16,0.122079338,95,10,1.19097242
14,16,0.122079338,95,10,1.19097242
48,12,0.150551089,51,9,1.222091691
48,12,0.150551089,51,9,1.222091691
48,12,0.150551089,51,9,1.222091691
48,12,0.150551089,51,9,1.222091691
48,12,0.150551089,51,9,1.222091691
48,12,0.150551089,51,9,1.222091691
48,12,0.150551089,51,9,1.222091691
48,12,0.150551089,51,9,1.222091691
48,12,0.150551089,51,9,1.222091691
48,12,0.150551089,51,9,1.222091691
48,12,0.150551089,51,9,1.222091691
48,12,0.150551089,51,9,1.222091691
48,12,0.150551089,51,9,1.222091691
48,12,0.150551089,51,9,1.222091691
13,16,0.119820662,95,10,1.164869563
13,16,0.119820662,95,10,1.164869563
54,13,0.240760126,54,13,2.10338186
54,13,0.240760126,54,13,2.10338186
54,13,0.240760126,54,13,2.10338186
54,13,0.240760126,54,13,2.10338186
54,13,0.240760126,54,13,2.10338186
54,13,0.240760126,54,13,2.10338186
54,13,0.240760126,54,13,2.10338186
54,13,0.240760126,54,13,2.10338186
54,13,0.240760126,54,13,2.10338186
54,13,0.240760126,54,13,2.10338186
54,13,0.240760126,54,13,2.10338186
54,13,0.240760126,54,13,2.10338186
54,13,0.240760126,54,13,2.10338186
54,13,0.240760126,54,13,2.10338186
48,12,0.150551089,51,9,1.222091691
48,12,0.150551089,51,9,1.222091691
54,13,0.215531909,54,13,1.810887673
54,13,0.215531909,54,13,1.810887673
54,13,0.215531909,54,13,1.810887673
54,13,0.215531909,54,13,1.810887673
54,13,0.215531909,54,13,1.810887673
54,13,0.215531909,54,13,1.810887673
54,13,0.215531909,54,13,1.810887673
54,13,0.215531909,54,13,1.810887673
54,13,0.215531909,54,13,1.810887673
54,13,0.215531909,54,13,1.810887673
54,13,0.215531909,54,13,1.810887673
54,13,0.215531909,54,13,1.810887673
54,13,0.215531909,54,13,1.810887673
54,13,0.215531909,54,13,1.810887673
54,13,0.240760126,54,13,2.10338186
54,13,0.240760126,54,13,2.10338186
54,13,0.234030396,54,13,2.002025356
54,13,0.234030396,54,13,2.002025356
54,13,0.234030396,54,13,2.002025356
54,13,0.234030396,54,13,2.002025356
54,13,0.234030396,54,13,2.002025356
54,13,0.234030396,54,13,2.002025356
54,13,0.234030396,54,13,2.002025356
54,13,0.234030396,54,13,2.002025356
54,13,0.234030396,54,13,2.002025356
54,13,0.234030396,54,13,2.002025356
54,13,0.234030396,54,13,2.002025356
54,13,0.234030396,54,13,2.002025356
54,13,0.234030396,54,13,2.002025356
54,13,0.234030396,54,13,2.002025356
54,13,0.234030396,54,13,2.002025356
54,13,0.215531909,54,13,1.810887673
67,45,0.252708719,67,45,1.83997502
67,45,0.252708719,67,45,1.83997502
67,45,0.252708719,67,45,1.83997502
67,45,0.252708719,67,45,1.83997502
67,45,0.252708719,67,45,1.83997502
67,45,0.252708719,67,45,1.83997502
67,45,0.252708719,67,45,1.83997502
67,45,0.252708719,67,45,1.83997502
67,45,0.252708719,67,45,1.83997502
67,45,0.252708719,67,45,1.83997502
67,45,0.252708719,67,45,1.83997502
67,45,0.252708719,67,45,1.83997502
67,45,0.252708719,67,45,1.83997502
67,45,0.252708719,67,45,1.83997502
67,45,0.252708719,67,45,1.83997502
54,13,0.234030396,54,13,2.002025356
67,45,0.227225993,54,13,1.678694055
67,45,0.227225993,54,13,1.678694055
67,45,0.227225993,54,13,1.678694055
67,45,0.227225993,54,13,1.678694055
67,45,0.227225993,54,13,1.678694055
67,45,0.227225993,54,13,1.678694055
67,45,0.227225993,54,13,1.678694055
67,45,0.227225993,54,13,1.678694055
67,45,0.227225993,54,13,1.678694055
67,45,0.227225993,54,13,1.678694055
67,45,0.227225993,54,13,1.678694055
67,45,0.227225993,54,13,1.678694055
67,45,0.227225993,54,13,1.678694055
67,45,0.227225993,54,13,1.678694055
67,45,0.227225993,54,13,1.678694055
67,45,0.252708719,67,45,1.83997502
67,45,0.252708719,67,45,1.83997502
67,45,0.233086405,54,13,1.670187628
67,45,0.233086405,54,13,1.670187628
67,45,0.233086405,54,13,1.670187628
67,45,0.233086405,54,13,1.670187628
67,45,0.233086405,54,13,1.670187628
67,45,0.233086405,54,13,1.670187628
67,45,0.233086405,54,13,1.670187628
67,45,0.233086405,54,13,1.670187628
67,45,0.233086405,54,13,1.670187628
67,45,0.233086405,54,13,1.670187628
67,45,0.233086405,54,13,1.670187628
67,45,0.233086405,54,13,1.670187628
67,45,0.233086405,54,13,1.670187628
67,45,0.233086405,54,13,1.670187628
67,45,0.227225993,54,13,1.678694055
67,45,0.227225993,54,13,1.678694055
67,45,0.251682146,67,45,1.898728108
67,45,0.251682146,67,45,1.898728108
67,45,0.251682146,67,45,1.898728108
67,45,0.251682146,67,45,1.898728108
67,45,0.251682146,67,45,1.898728108
67,45,0.251682146,67,45,1.898728108
67,45,0.251682146,67,45,1.898728108
67,45,0.251682146,67,45,1.898728108
67,45,0.251682146,67,45,1.898728108
67,45,0.251682146,67,45,1.898728108
67,45,0.251682146,67,45,1.898728108
67,45,0.251682146,67,45,1.898728108
67,45,0.251682146,67,45,1.898728108
67,45,0.251682146,67,45,1.898728108
67,45,0.233086405,54,13,1.670187628
67,45,0.233086405,54,13,1.670187628
67,45,0.230829175,54,13,1.703938764
67,45,0.230829175,54,13,1.703938764
67,45,0.230829175,54,13,1.703938764
67,45,0.230829175,54,13,1.703938764
67,45,0.230829175,54,13,1.703938764
67,45,0.230829175,54,13,1.703938764
67,45,0.230829175,54,13,1.703938764
67,45,0.230829175,54,13,1.703938764
67,45,0.230829175,54,13,1.703938764
67,45,0.230829175,54,13,1.703938764
67,45,0.230829175,54,13,1.703938764
67,45,0.230829175,54,13,1.703938764
67,45,0.230829175,54,13,1.703938764
67,45,0.230829175,54,13,1.703938764
67,45,0.251682146,67,45,1.898728108
67,45,0.251682146,67,45,1.898728108
67,45,0.240329263,54,13,1.722801043
67,45,0.240329263,54,13,1.722801043
67,45,0.240329263,54,13,1.722801043
67,45,0.240329263,54,13,1.722801043
67,45,0.240329263,54,13,1.722801043
67,45,0.240329263,54,13,1.722801043
67,45,0.240329263,54,13,1.722801043
67,45,0.240329263,54,13,1.722801043
67,45,0.240329263,54,13,1.722801043
67,45,0.240329263,54,13,1.722801043
67,45,0.240329263,54,13,1.722801043
67,45,0.240329263,54,13,1.722801043
67,45,0.240329263,54,13,1.722801043
67,45,0.240329263,54,13,1.722801043
67,45,0.230829175,54,13,1.703938764
67,45,0.230829175,54,13,1.703938764
13,16,0.119746089,95,10,1.113977662
13,16,0.119746089,95,10,1.113977662
13,16,0.119746089,95,10,1.113977662
13,16,0.119746089,95,10,1.113977662
13,16,0.119746089,95,10,1.113977662
13,16,0.119746089,95,10,1.113977662
13,16,0.119746089,95,10,1.113977662
13,16,0.119746089,95,10,1.113977662
13,16,0.119746089,95,10,1.113977662
13,16,0.119746089,95,10,1.113977662
13,16,0.119746089,95,10,1.113977662
13,16,0.119746089,95,10,1.113977662
13,16,0.119746089,95,10,1.113977662
13,16,0.119746089,95,10,1.113977662
67,45,0.240329263,54,13,1.722801043
67,45,0.240329263,54,13,1.722801043
95,10,0.133818241,95,10,1.459332685
95,10,0.133818241,95,10,1.459332685
95,10,0.133818241,95,10,1.459332685
95,10,0.133818241,95,10,1.459332685
95,10,0.133818241,95,10,1.459332685
95,10,0.133818241,95,10,1.459332685
95,10,0.133818241,95,10,1.459332685
95,10,0.133818241,95,10,1.459332685
95,10,0.133818241,95,10,1.459332685
95,10,0.133818241,95,10,1.459332685
95,10,0.133818241,95,10,1.459332685
95,10,0.133818241,95,10,1.459332685
95,10,0.133818241,95,10,1.459332685
95,10,0.133818241,95,10,1.459332685
13,16,0.119746089,95,10,1.113977662
13,16,0.119746089,95,10,1.113977662
95,14,0.106907193,96,8,1.034355488
95,14,0.106907193,96,8,1.034355488
95,14,0.106907193,96,8,1.034355488
95,14,0.106907193,96,8,1.034355488
95,14,0.106907193,96,8,1.034355488
95,14,0.106907193,96,8,1.034355488
95,14,0.106907193,96,8,1.034355488
95,14,0.106907193,96,8,1.034355488
95,14,0.106907193,96,8,1.034355488
95,14,0.106907193,96,8,1.034355488
95,14,0.106907193,96,8,1.034355488
95,14,0.106907193,96,8,1.034355488
95,14,0.106907193,96,8,1.034355488
95,14,0.106907193,96,8,1.034355488
95,14,0.106907193,96,8,1.034355488
95,10,0.133818241,95,10,1.459332685
68,18,0.456644543,68,18,4.241614108
68,18,0.456644543,68,18,4.241614108
68,18,0.456644543,68,18,4.241614108
68,18,0.456644543,68,18,4.241614108
68,18,0.456644543,68,18,4.241614108
68,18,0.456644543,68,18,4.241614108
68,18,0.456644543,68,18,4.241614108
68,18,0.456644543,68,18,4.241614108
68,18,0.456644543,68,18,4.241614108
68,18,0.456644543,68,18,4.241614108
68,18,0.456644543,68,18,4.241614108
68,18,0.456644543,68,18,4.241614108
68,18,0.456644543,68,18,4.241614108
68,18,0.456644543,68,18,4.241614108
68,18,0.456644543,68,18,4.241614108
95,14,0.106907193,96,8,1.034355488
68,18,0.457274661,68,18,4.244725892
68,18,0.457274661,68,18,4.244725892
68,18,0.457274661,68,18,4.244725892
68,18,0.457274661,68,18,4.244725892
68,18,0.457274661,68,18,4.244725892
68,18,0.457274661,68,18,4.244725892
68,18,0.457274661,68,18,4.244725892
68,18,0.457274661,68,18,4.244725892
68,18,0.457274661,68,18,4.244725892
68,18,0.457274661,68,18,4.244725892
68,18,0.457274661,68,18,4.244725892
68,18,0.457274661,68,18,4.244725892
68,18,0.457274661,68,18,4.244725892
68,18,0.457274661,68,18,4.244725892
68,18,0.457274661,68,18,4.244725892
68,18,0.456644543,68,18,4.241614108
68,18,0.456644543,68,18,4.241614108
68,18,0.476204892,68,18,4.440459361
68,18,0.476204892,68,18,4.440459361
68,18,0.476204892,68,18,4.440459361
68,18,0.476204892,68,18,4.440459361
68,18,0.476204892,68,18,4.440459361
68,18,0.476204892,68,18,4.440459361
68,18,0.476204892,68,18,4.440459361
68,18,0.476204892,68,18,4.440459361
68,18,0.476204892,68,18,4.440459361
68,18,0.476204892,68,18,4.440459361
68,18,0.476204892,68,18,4.440459361
68,18,0.476204892,68,18,4.440459361
68,18,0.476204892,68,18,4.440459361
68,18,0.476204892,68,18,4.440459361
68,18,0.457274661,68,18,4.244725892
68,18,0.457274661,68,18,4.244725892
68,18,0.467118971,68,18,4.325548278
68,18,0.467118971,68,18,4.325548278
68,18,0.467118971,68,18,4.325548278
68,18,0.467118971,68,18,4.325548278
68,18,0.467118971,68,18,4.325548278
68,18,0.467118971,68,18,4.325548278
68,18,0.467118971,68,18,4.325548278
68,18,0.467118971,68,18,4.325548278
68,18,0.467118971,68,18,4.325548278
68,18,0.467118971,68,18,4.325548278
68,18,0.467118971,68,18,4.325548278
68,18,0.467118971,68,18,4.325548278
68,18,0.467118971,68,18,4.325548278
68,18,0.467118971,68,18,4.325548278
68,18,0.476204892,68,18,4.440459361
68,18,0.476204892,68,18,4.440459361
68,18,0.456561254,68,18,4.211691422
68,18,0.456561254,68,18,4.211691422
68,18,0.456561254,68,18,4.211691422
68,18,0.456561254,68,18,4.211691422
68,18,0.456561254,68,18,4.211691422
68,18,0.456561254,68,18,4.211691422
68,18,0.456561254,68,18,4.211691422
68,18,0.456561254,68,18,4.211691422
68,18,0.456561254,68,18,4.211691422
68,18,0.456561254,68,18,4.211691422
68,18,0.456561254,68,18,4.211691422
68,18,0.456561254,68,18,4.211691422
68,18,0.456561254,68,18,4.211691422
68,18,0.456561254,68,18,4.211691422
68,18,0.467118971,68,18,4.325548278
68,18,0.467118971,68,18,4.325548278
68,18,0.385678504,68,18,3.483286996
68,18,0.385678504,68,18,3.483286996
68,18,0.385678504,68,18,3.483286996
68,18,0.385678504,68,18,3.483286996
68,18,0.385678504,68,18,3.483286996
68,18,0.385678504,68,18,3.483286996
68,18,0.385678504,68,18,3.483286996
68,18,0.385678504,68,18,3.483286996
68,18,0.385678504,68,18,3.483286996
68,18,0.385678504,68,18,3.483286996
68,18,0.385678504,68,18,3.483286996
68,18,0.385678504,68,18,3.483286996
68,18,0.385678504,68,18,3.483286996
68,18,0.385678504,68,18,3.483286996
68,18,0.456561254,68,18,4.211691422
68,18,0.456561254,68,18,4.211691422
68,18,0.399279751,68,18,3.645799609
68,18,0.399279751,68,18,3.645799609
68,18,0.399279751,68,18,3.645799609
68,18,0.399279751,68,18,3.645799609
68,18,0.399279751,68,18,3.645799609
68,18,0.399279751,68,18,3.645799609
68,18,0.399279751,68,18,3.645799609
68,18,0.399279751,68,18,3.645799609
68,18,0.399279751,68,18,3.645799609
68,18,0.399279751,68,18,3.645799609
68,18,0.399279751,68,18,3.645799609
68,18,0.399279751,68,18,3.645799609
68,18,0.399279751,68,18,3.645799609
68,18,0.399279751,68,18,3.645799609
68,18,0.385678504,68,18,3.483286996
68,18,0.385678504,68,18,3.483286996
68,18,0.365926913,68,18,3.287456168
68,18,0.365926913,68,18,3.287456168
68,18,0.365926913,68,18,3.287456168
68,18,0.365926913,68,18,3.287456168
68,18,0.365926913,68,18,3.287456168
68,18,0.365926913,68,18,3.287456168
68,18,0.365926913,68,18,3.287456168
68,18,0.365926913,68,18,3.287456168
68,18,0.365926913,68,18,3.287456168
68,18,0.365926913,68,18,3.287456168
68,18,0.365926913,68,18,3.287456168
68,18,0.365926913,68,18,3.287456168
68,18,0.365926913,68,18,3.287456168
68,18,0.365926913,68,18,3.287456168
68,18,0.399279751,68,18,3.645799609
68,18,0.399279751,68,18,3.645799609
68,18,0.390014051,68,18,3.567391592
68,18,0.390014051,68,18,3.567391592
68,18,0.390014051,68,18,3.567391592
68,18,0.390014051,68,18,3.567391592
68,18,0.390014051,68,18,3.567391592
68,18,0.390014051,68,18,3.567391592
68,18,0.390014051,68,18,3.567391592
68,18,0.390014051,68,18,3.567391592
68,18,0.390014051,68,18,3.567391592
68,18,0.390014051,68,18,3.567391592
68,18,0.390014051,68,18,3.567391592
68,18,0.390014051,68,18,3.567391592
68,18,0.390014051,68,18,3.567391592
68,18,0.390014051,68,18,3.567391592
68,18,0.390014051,68,18,3.567391592
68,18,0.365926913,68,18,3.287456168
14,16,0.12891855,95,10,1.116739439
14,16,0.12891855,95,10,1.116739439
14,16,0.12891855,95,10,1.116739439
14,16,0.12891855,95,10,1.116739439
14,16,0.12891855,95,10,1.116739439
14,16,0.12891855,95,10,1.116739439
14,16,0.12891855,95,10,1.116739439
14,16,0.12891855,95,10,1.116739439
14,16,0.12891855,95,10,1.116739439
14,16,0.12891855,95,10,1.116739439
14,16,0.12891855,95,10,1.116739439
14,16,0.12891855,95,10,1.116739439
14,16,0.12891855,95,10,1.116739439
14,16,0.12891855,95,10,1.116739439
14,16,0.12891855,95,10,1.116739439
68,18,0.390014051,68,18,3.567391592
14,16,0.12209015,95,10,1.232599319
14,16,0.12209015,95,10,1.232599319
14,16,0.12209015,95,10,1.232599319
14,16,0.12209015,95,10,1.232599319
14,16,0.12209015,95,10,1.232599319
14,16,0.12209015,95,10,1.232599319
14,16,0.12209015,95,10,1.232599319
14,16,0.12209015,95,10,1.232599319
14,16,0.12209015,95,10,1.232599319
14,16,0.12209015,95,10,1.232599319
14,16,0.12209015,95,10,1.232599319
14,16,0.12209015,95,10,1.232599319
14,16,0.12209015,95,10,1.232599319
14,16,0.12209015,95,10,1.232599319
14,16,0.12209015,95,10,1.232599319
14,16,0.12891855,95,10,1.116739439
14,16,0.12891855,95,10,1.116739439
13,16,0.121961566,99,15,1.062171916
13,16,0.121961566,99,15,1.062171916
13,16,0.121961566,99,15,1.062171916
13,16,0.121961566,99,15,1.062171916
13,16,0.121961566,99,15,1.062171916
13,16,0.121961566,99,15,1.062171916
13,16,0.121961566,99,15,1.062171916
13,16,0.121961566,99,15,1.062171916
13,16,0.121961566,99,15,1.062171916
13,16,0.121961566,99,15,1.062171916
13,16,0.121961566,99,15,1.062171916
13,16,0.121961566,99,15,1.062171916
13,16,0.121961566,99,15,1.062171916
13,16,0.121961566,99,15,1.062171916
14,16,0.12209015,95,10,1.232599319
14,16,0.12209015,95,10,1.232599319
95,10,0.1383894,95,10,1.513833146
95,10,0.1383894,95,10,1.513833146
95,10,0.1383894,95,10,1.513833146
95,10,0.1383894,95,10,1.513833146
95,10,0.1383894,95,10,1.513833146
95,10,0.1383894,95,10,1.513833146
95,10,0.1383894,95,10,1.513833146
95,10,0.1383894,95,10,1.513833146
95,10,0.1383894,95,10,1.513833146
95,10,0.1383894,95,10,1.513833146
95,10,0.1383894,95,10,1.513833146
95,10,0.1383894,95,10,1.513833146
95,10,0.1383894,95,10,1.513833146
95,10,0.1383894,95,10,1.513833146
13,16,0.121961566,99,15,1.062171916
13,16,0.121961566,99,15,1.062171916
96,8,0.126174042,96,8,1.281639649
96,8,0.126174042,96,8,1.281639649
96,8,0.126174042,96,8,1.281639649
96,8,0.126174042,96,8,1.281639649
96,8,0.126174042,96,8,1.281639649
96,8,0.126174042,96,8,1.281639649
96,8,0.126174042,96,8,1.281639649
96,8,0.126174042,96,8,1.281639649
96,8,0.126174042,96,8,1.281639649
96,8,0.126174042,96,8,1.281639649
96,8,0.126174042,96,8,1.281639649
96,8,0.126174042,96,8,1.281639649
96,8,0.126174042,96,8,1.281639649
96,8,0.126174042,96,8,1.281639649
95,10,0.1383894,95,10,1.513833146
95,10,0.1383894,95,10,1.513833146
14,16,0.124222018,95,10,1.319678286
14,16,0.124222018,95,10,1.319678286
14,16,0.124222018,95,10,1.319678286
14,16,0.124222018,95,10,1.319678286
14,16,0.124222018,95,10,1.319678286
14,16,0.124222018,95,10,1.319678286
14,16,0.124222018,95,10,1.319678286
14,16,0.124222018,95,10,1.319678286
14,16,0.124222018,95,10,1.319678286
14,16,0.124222018,95,10,1.319678286
14,16,0.124222018,95,10,1.319678286
14,16,0.124222018,95,10,1.319678286
14,16,0.124222018,95,10,1.319678286
14,16,0.124222018,95,10,1.319678286
96,8,0.126174042,96,8,1.281639649
96,8,0.126174042,96,8,1.281639649
14,16,0.119765432,95,10,1.153033646
14,16,0.119765432,95,10,1.153033646
14,16,0.119765432,95,10,1.153033646
14,16,0.119765432,95,10,1.153033646
14,16,0.119765432,95,10,1.153033646
14,16,0.119765432,95,10,1.153033646
14,16,0.119765432,95,10,1.153033646
14,16,0.119765432,95,10,1.153033646
14,16,0.119765432,95,10,1.153033646
14,16,0.119765432,95,10,1.153033646
14,16,0.119765432,95,10,1.153033646
14,16,0.119765432,95,10,1.153033646
14,16,0.119765432,95,10,1.153033646
14,16,0.119765432,95,10,1.153033646
14,16,0.124222018,95,10,1.319678286
14,16,0.124222018,95,10,1.319678286
96,8,0.122920272,95,10,1.315231375
96,8,0.122920272,95,10,1.315231375
96,8,0.122920272,95,10,1.315231375
96,8,0.122920272,95,10,1.315231375
96,8,0.122920272,95,10,1.315231375
96,8,0.122920272,95,10,1.315231375
96,8,0.122920272,95,10,1.315231375
96,8,0.122920272,95,10,1.315231375
96,8,0.122920272,95,10,1.315231375
96,8,0.122920272,95,10,1.315231375
96,8,0.122920272,95,10,1.315231375
96,8,0.122920272,95,10,1.315231375
96,8,0.122920272,95,10,1.315231375
96,8,0.122920272,95,10,1.315231375
14,16,0.119765432,95,10,1.153033646
14,16,0.119765432,95,10,1.153033646
13,16,0.12689535,95,10,1.376566515
13,16,0.12689535,95,10,1.376566515
13,16,0.12689535,95,10,1.376566515
13,16,0.12689535,95,10,1.376566515
13,16,0.12689535,95,10,1.376566515
13,16,0.12689535,95,10,1.376566515
13,16,0.12689535,95,10,1.376566515
13,16,0.12689535,95,10,1.376566515
13,16,0.12689535,95,10,1.376566515
13,16,0.12689535,95,10,1.376566515
13,16,0.12689535,95,10,1.376566515
13,16,0.12689535,95,10,1.376566515
13,16,0.12689535,95,10,1.376566515
13,16,0.12689535,95,10,1.376566515
13,16,0.12689535,95,10,1.376566515
96,8,0.122920272,95,10,1.315231375
14,16,0.120006346,95,10,1.085600164
14,16,0.120006346,95,10,1.085600164
14,16,0.120006346,95,10,1.085600164
14,16,0.120006346,95,10,1.085600164
14,16,0.120006346,95,10,1.085600164
14,16,0.120006346,95,10,1.085600164
14,16,0.120006346,95,10,1.085600164
14,16,0.120006346,95,10,1.085600164
14,16,0.120006346,95,10,1.085600164
14,16,0.120006346,95,10,1.085600164
14,16,0.120006346,95,10,1.085600164
14,16,0.120006346,95,10,1.085600164
14,16,0.120006346,95,10,1.085600164
14,16,0.120006346,95,10,1.085600164
14,16,0.120006346,95,10,1.085600164
13,16,0.12689535,95,10,1.376566515
14,16,0.123650815,95,10,1.207730574
14,16,0.123650815,95,10,1.207730574
14,16,0.123650815,95,10,1.207730574
14,16,0.123650815,95,10,1.207730574
14,16,0.123650815,95,10,1.207730574
14,16,0.123650815,95,10,1.207730574
14,16,0.123650815,95,10,1.207730574
14,16,0.123650815,95,10,1.207730574
14,16,0.123650815,95,10,1.207730574
14,16,0.123650815,95,10,1.207730574
14,16,0.123650815,95,10,1.207730574
14,16,0.123650815,95,10,1.207730574
14,16,0.123650815,95,10,1.207730574
14,16,0.123650815,95,10,1.207730574
14,16,0.123650815,95,10,1.207730574
14,16,0.120006346,95,10,1.085600164
14,16,0.120006346,95,10,1.085600164
95,10,0.128219414,95,10,1.41970978
95,10,0.128219414,95,10,1.41970978
95,10,0.128219414,95,10,1.41970978
95,10,0.128219414,95,10,1.41970978
95,10,0.128219414,95,10,1.41970978
95,10,0.128219414,95,10,1.41970978
95,10,0.128219414,95,10,1.41970978
95,10,0.128219414,95,10,1.41970978
95,10,0.128219414,95,10,1.41970978
95,10,0.128219414,95,10,1.41970978
95,10,0.128219414,95,10,1.41970978
95,10,0.128219414,95,10,1.41970978
95,10,0.128219414,95,10,1.41970978
95,10,0.128219414,95,10,1.41970978
14,16,0.123650815,95,10,1.207730574
14,16,0.123650815,95,10,1.207730574
95,10,0.123674047,95,10,1.364467893
95,10,0.123674047,95,10,1.364467893
95,10,0.123674047,95,10,1.364467893
95,10,0.123674047,95,10,1.364467893
95,10,0.123674047,95,10,1.364467893
95,10,0.123674047,95,10,1.364467893
95,10,0.123674047,95,10,1.364467893
95,10,0.123674047,95,10,1.364467893
95,10,0.123674047,95,10,1.364467893
95,10,0.123674047,95,10,1.364467893
95,10,0.123674047,95,10,1.364467893
95,10,0.123674047,95,10,1.364467893
95,10,0.123674047,95,10,1.364467893
95,10,0.123674047,95,10,1.364467893
95,10,0.128219414,95,10,1.41970978
95,10,0.128219414,95,10,1.41970978
14,16,0.124496239,95,10,1.258636853
14,16,0.124496239,95,10,1.258636853
14,16,0.124496239,95,10,1.258636853
14,16,0.124496239,95,10,1.258636853
14,16,0.124496239,95,10,1.258636853
14,16,0.124496239,95,10,1.258636853
14,16,0.124496239,95,10,1.258636853
14,16,0.124496239,95,10,1.258636853
14,16,0.124496239,95,10,1.258636853
14,16,0.124496239,95,10,1.258636853
14,16,0.124496239,95,10,1.258636853
14,16,0.124496239,95,10,1.258636853
14,16,0.124496239,95,10,1.258636853
14,16,0.124496239,95,10,1.258636853
95,10,0.123674047,95,10,1.364467893
95,10,0.123674047,95,10,1.364467893
14,16,0.126425491,95,10,1.244271041
14,16,0.126425491,95,10,1.244271041
14,16,0.126425491,95,10,1.244271041
14,16,0.126425491,95,10,1.244271041
14,16,0.126425491,95,10,1.244271041
14,16,0.126425491,95,10,1.244271041
14,16,0.126425491,95,10,1.244271041
14,16,0.126425491,95,10,1.244271041
14,16,0.126425491,95,10,1.244271041
14,16,0.126425491,95,10,1.244271041
14,16,0.126425491,95,10,1.244271041
14,16,0.126425491,95,10,1.244271041
14,16,0.126425491,95,10,1.244271041
14,16,0.126425491,95,10,1.244271041
14,16,0.124496239,95,10,1.258636853
14,16,0.124496239,95,10,1.258636853
14,16,0.123020869,95,10,1.199976454
14,16,0.123020869,95,10,1.199976454
14,16,0.123020869,95,10,1.199976454
14,16,0.123020869,95,10,1.199976454
14,16,0.123020869,95,10,1.199976454
14,16,0.123020869,95,10,1.199976454
14,16,0.123020869,95,10,1.199976454
14,16,0.123020869,95,10,1.199976454
14,16,0.123020869,95,10,1.199976454
14,16,0.123020869,95,10,1.199976454
14,16,0.123020869,95,10,1.199976454
14,16,0.123020869,95,10,1.199976454
14,16,0.123020869,95,10,1.199976454
14,16,0.123020869,95,10,1.199976454
14,16,0.126425491,95,10,1.244271041
14,16,0.126425491,95,10,1.244271041
95,10,0.132576397,95,10,1.462669118
95,10,0.132576397,95,10,1.462669118
95,10,0.132576397,95,10,1.462669118
95,10,0.132576397,95,10,1.462669118
95,10,0.132576397,95,10,1.462669118
95,10,0.132576397,95,10,1.462669118
95,10,0.132576397,95,10,1.462669118
95,10,0.132576397,95,10,1.462669118
95,10,0.132576397,95,10,1.462669118
95,10,0.132576397,95,10,1.462669118
95,10,0.132576397,95,10,1.462669118
95,10,0.132576397,95,10,1.462669118
95,10,0.132576397,95,10,1.462669118
95,10,0.132576397,95,10,1.462669118
14,16,0.123020869,95,10,1.199976454
14,16,0.123020869,95,10,1.199976454
13,16,0.121092095,95,10,1.247204092
13,16,0.121092095,95,10,1.247204092
13,16,0.121092095,95,10,1.247204092
13,16,0.121092095,95,10,1.247204092
13,16,0.121092095,95,10,1.247204092
13,16,0.121092095,95,10,1.247204092
13,16,0.121092095,95,10,1.247204092
13,16,0.121092095,95,10,1.247204092
13,16,0.121092095,95,10,1.247204092
13,16,0.121092095,95,10,1.247204092
13,16,0.121092095,95,10,1.247204092
13,16,0.121092095,95,10,1.247204092
13,16,0.121092095,95,10,1.247204092
13,16,0.121092095,95,10,1.247204092
13,16,0.121092095,95,10,1.247204092
95,10,0.132576397,95,10,1.462669118
95,14,0.121138029,95,10,1.278067877
95,14,0.121138029,95,10,1.278067877
95,14,0.121138029,95,10,1.278067877
95,14,0.121138029,95,10,1.278067877
95,14,0.121138029,95,10,1.278067877
95,14,0.121138029,95,10,1.278067877
95,14,0.121138029,95,10,1.278067877
95,14,0.121138029,95,10,1.278067877
95,14,0.121138029,95,10,1.278067877
95,14,0.121138029,95,10,1.278067877
95,14,0.121138029,95,10,1.278067877
95,14,0.121138029,95,10,1.278067877
95,14,0.121138029,95,10,1.278067877
95,14,0.121138029,95,10,1.278067877
95,14,0.121138029,95,10,1.278067877
13,16,0.121092095,95,10,1.247204092
14,16,0.120293401,95,10,1.23901794
14,16,0.120293401,95,10,1.23901794
14,16,0.120293401,95,10,1.23901794
14,16,0.120293401,95,10,1.23901794
14,16,0.120293401,95,10,1.23901794
14,16,0.120293401,95,10,1.23901794
14,16,0.120293401,95,10,1.23901794
14,16,0.120293401,95,10,1.23901794
14,16,0.120293401,95,10,1.23901794
14,16,0.120293401,95,10,1.23901794
14,16,0.120293401,95,10,1.23901794
14,16,0.120293401,95,10,1.23901794
14,16,0.120293401,95,10,1.23901794
14,16,0.120293401,95,10,1.23901794
14,16,0.120293401,95,10,1.23901794
95,14,0.121138029,95,10,1.278067877
95,14,0.121138029,95,10,1.278067877
96,8,0.12392715,96,8,1.260330458
96,8,0.12392715,96,8,1.260330458
96,8,0.12392715,96,8,1.260330458
96,8,0.12392715,96,8,1.260330458
96,8,0.12392715,96,8,1.260330458
96,8,0.12392715,96,8,1.260330458
96,8,0.12392715,96,8,1.260330458
96,8,0.12392715,96,8,1.260330458
96,8,0.12392715,96,8,1.260330458
96,8,0.12392715,96,8,1.260330458
96,8,0.12392715,96,8,1.260330458
96,8,0.12392715,96,8,1.260330458
96,8,0.12392715,96,8,1.260330458
96,8,0.12392715,96,8,1.260330458
14,16,0.120293401,95,10,1.23901794
14,16,0.120293401,95,10,1.23901794
99,9,0.123170554,95,10,1.236163388
99,9,0.123170554,95,10,1.236163388
99,9,0.123170554,95,10,1.236163388
99,9,0.123170554,95,10,1.236163388
99,9,0.123170554,95,10,1.236163388
99,9,0.123170554,95,10,1.236163388
99,9,0.123170554,95,10,1.236163388
99,9,0.123170554,95,10,1.236163388
99,9,0.123170554,95,10,1.236163388
99,9,0.123170554,95,10,1.236163388
99,9,0.123170554,95,10,1.236163388
99,9,0.123170554,95,10,1.236163388
99,9,0.123170554,95,10,1.236163388
99,9,0.123170554,95,10,1.236163388
96,8,0.12392715,96,8,1.260330458
96,8,0.12392715,96,8,1.260330458
96,8,0.122789103,96,8,1.250935881
96,8,0.122789103,96,8,1.250935881
96,8,0.122789103,96,8,1.250935881
96,8,0.122789103,96,8,1.250935881
96,8,0.122789103,96,8,1.250935881
96,8,0.122789103,96,8,1.250935881
96,8,0.122789103,96,8,1.250935881
96,8,0.122789103,96,8,1.250935881
96,8,0.122789103,96,8,1.250935881
96,8,0.122789103,96,8,1.250935881
96,8,0.122789103,96,8,1.250935881
96,8,0.122789103,96,8,1.250935881
96,8,0.122789103,96,8,1.250935881
96,8,0.122789103,96,8,1.250935881
99,9,0.123170554,95,10,1.236163388
99,9,0.123170554,95,10,1.236163388
13,16,0.117791508,95,10,1.1514236
13,16,0.117791508,95,10,1.1514236
13,16,0.117791508,95,10,1.1514236
13,16,0.117791508,95,10,1.1514236
13,16,0.117791508,95,10,1.1514236
13,16,0.117791508,95,10,1.1514236
13,16,0.117791508,95,10,1.1514236
13,16,0.117791508,95,10,1.1514236
13,16,0.117791508,95,10,1.1514236
13,16,0.117791508,95,10,1.1514236
13,16,0.117791508,95,10,1.1514236
13,16,0.117791508,95,10,1.1514236
13,16,0.117791508,95,10,1.1514236
13,16,0.117791508,95,10,1.1514236
96,8,0.122789103,96,8,1.250935881
96,8,0.122789103,96,8,1.250935881
13,16,0.122762448,95,10,1.177994252
13,16,0.122762448,95,10,1.177994252
13,16,0.122762448,95,10,1.177994252
13,16,0.122762448,95,10,1.177994252
13,16,0.122762448,95,10,1.177994252
13,16,0.122762448,95,10,1.177994252
13,16,0.122762448,95,10,1.177994252
13,16,0.122762448,95,10,1.177994252
13,16,0.122762448,95,10,1.177994252
13,16,0.122762448,95,10,1.177994252
13,16,0.122762448,95,10,1.177994252
13,16,0.122762448,95,10,1.177994252
13,16,0.122762448,95,10,1.177994252
13,16,0.122762448,95,10,1.177994252
13,16,0.117791508,95,10,1.1514236
13,16,0.117791508,95,10,1.1514236
134,138,0.115698767,95,10,1.299827766
134,138,0.115698767,95,10,1.299827766
134,138,0.115698767,95,10,1.299827766
134,138,0.115698767,95,10,1.299827766
134,138,0.115698767,95,10,1.299827766
134,138,0.115698767,95,10,1.299827766
134,138,0.115698767,95,10,1.299827766
134,138,0.115698767,95,10,1.299827766
134,138,0.115698767,95,10,1.299827766
134,138,0.115698767,95,10,1.299827766
134,138,0.115698767,95,10,1.299827766
134,138,0.115698767,95,10,1.299827766
134,138,0.115698767,95,10,1.299827766
134,138,0.115698767,95,10,1.299827766
13,16,0.122762448,95,10,1.177994252
13,16,0.122762448,95,10,1.177994252
95,10,0.118518492,95,10,1.320170227
95,10,0.118518492,95,10,1.320170227
95,10,0.118518492,95,10,1.320170227
95,10,0.118518492,95,10,1.320170227
95,10,0.118518492,95,10,1.320170227
95,10,0.118518492,95,10,1.320170227
95,10,0.118518492,95,10,1.320170227
95,10,0.118518492,95,10,1.320170227
95,10,0.118518492,95,10,1.320170227
95,10,0.118518492,95,10,1.320170227
95,10,0.118518492,95,10,1.320170227
95,10,0.118518492,95,10,1.320170227
95,10,0.118518492,95,10,1.320170227
95,10,0.118518492,95,10,1.320170227
95,10,0.118518492,95,10,1.320170227
134,138,0.115698767,95,10,1.299827766
105,12,0.12131783,95,10,1.287450369
105,12,0.12131783,95,10,1.287450369
105,12,0.12131783,95,10,1.287450369
105,12,0.12131783,95,10,1.287450369
105,12,0.12131783,95,10,1.287450369
105,12,0.12131783,95,10,1.287450369
105,12,0.12131783,95,10,1.287450369
105,12,0.12131783,95,10,1.287450369
105,12,0.12131783,95,10,1.287450369
105,12,0.12131783,95,10,1.287450369
105,12,0.12131783,95,10,1.287450369
105,12,0.12131783,95,10,1.287450369
105,12,0.12131783,95,10,1.287450369
105,12,0.12131783,95,10,1.287450369
105,12,0.12131783,95,10,1.287450369
95,10,0.118518492,95,10,1.320170227
95,10,0.137439221,95,10,1.534171364
95,10,0.137439221,95,10,1.534171364
95,10,0.137439221,95,10,1.534171364
95,10,0.137439221,95,10,1.534171364
95,10,0.137439221,95,10,1.534171364
95,10,0.137439221,95,10,1.534171364
95,10,0.137439221,95,10,1.534171364
95,10,0.137439221,95,10,1.534171364
95,10,0.137439221,95,10,1.534171364
95,10,0.137439221,95,10,1.534171364
95,10,0.137439221,95,10,1.534171364
95,10,0.137439221,95,10,1.534171364
95,10,0.137439221,95,10,1.534171364
95,10,0.137439221,95,10,1.534171364
95,10,0.137439221,95,10,1.534171364
105,12,0.12131783,95,10,1.287450369
105,12,0.12131783,95,10,1.287450369
105,12,0.11994071,95,10,1.216826527
105,12,0.11994071,95,10,1.216826527
105,12,0.11994071,95,10,1.216826527
105,12,0.11994071,95,10,1.216826527
105,12,0.11994071,95,10,1.216826527
105,12,0.11994071,95,10,1.216826527
105,12,0.11994071,95,10,1.216826527
105,12,0.11994071,95,10,1.216826527
105,12,0.11994071,95,10,1.216826527
105,12,0.11994071,95,10,1.216826527
105,12,0.11994071,95,10,1.216826527
105,12,0.11994071,95,10,1.216826527
105,12,0.11994071,95,10,1.216826527
105,12,0.11994071,95,10,1.216826527
95,10,0.137439221,95,10,1.534171364
95,10,0.137439221,95,10,1.534171364
95,14,0.121161682,95,10,1.260258664
95,14,0.121161682,95,10,1.260258664
95,14,0.121161682,95,10,1.260258664
95,14,0.121161682,95,10,1.260258664
95,14,0.121161682,95,10,1.260258664
95,14,0.121161682,95,10,1.260258664
95,14,0.121161682,95,10,1.260258664
95,14,0.121161682,95,10,1.260258664
95,14,0.121161682,95,10,1.260258664
95,14,0.121161682,95,10,1.260258664
95,14,0.121161682,95,10,1.260258664
95,14,0.121161682,95,10,1.260258664
95,14,0.121161682,95,10,1.260258664
95,14,0.121161682,95,10,1.260258664
105,12,0.11994071,95,10,1.216826527
105,12,0.11994071,95,10,1.216826527
13,16,0.12687869,95,10,1.233783444
13,16,0.12687869,95,10,1.233783444
13,16,0.12687869,95,10,1.233783444
13,16,0.12687869,95,10,1.233783444
13,16,0.12687869,95,10,1.233783444
13,16,0.12687869,95,10,1.233783444
13,16,0.12687869,95,10,1.233783444
13,16,0.12687869,95,10,1.233783444
13,16,0.12687869,95,10,1.233783444
13,16,0.12687869,95,10,1.233783444
13,16,0.12687869,95,10,1.233783444
13,16,0.12687869,95,10,1.233783444
13,16,0.12687869,95,10,1.233783444
13,16,0.12687869,95,10,1.233783444
95,14,0.121161682,95,10,1.260258664
95,14,0.121161682,95,10,1.260258664
134,138,0.121409252,96,8,1.236724783
134,138,0.121409252,96,8,1.236724783
134,138,0.121409252,96,8,1.236724783
134,138,0.121409252,96,8,1.236724783
134,138,0.121409252,96,8,1.236724783
134,138,0.121409252,96,8,1.236724783
134,138,0.121409252,96,8,1.236724783
134,138,0.121409252,96,8,1.236724783
134,138,0.121409252,96,8,1.236724783
134,138,0.121409252,96,8,1.236724783
134,138,0.121409252,96,8,1.236724783
134,138,0.121409252,96,8,1.236724783
134,138,0.121409252,96,8,1.236724783
134,138,0.121409252,96,8,1.236724783
13,16,0.12687869,95,10,1.233783444
13,16,0.12687869,95,10,1.233783444
13,16,0.118302381,95,10,1.108306521
13,16,0.118302381,95,10,1.108306521
13,16,0.118302381,95,10,1.108306521
13,16,0.118302381,95,10,1.108306521
13,16,0.118302381,95,10,1.108306521
13,16,0.118302381,95,10,1.108306521
13,16,0.118302381,95,10,1.108306521
13,16,0.118302381,95,10,1.108306521
13,16,0.118302381,95,10,1.108306521
13,16,0.118302381,95,10,1.108306521
13,16,0.118302381,95,10,1.108306521
13,16,0.118302381,95,10,1.108306521
13,16,0.118302381,95,10,1.108306521
13,16,0.118302381,95,10,1.108306521
134,138,0.121409252,96,8,1.236724783
134,138,0.121409252,96,8,1.236724783
134,138,0.120292729,95,10,1.300798887
134,138,0.120292729,95,10,1.300798887
134,138,0.120292729,95,10,1.300798887
134,138,0.120292729,95,10,1.300798887
134,138,0.120292729,95,10,1.300798887
134,138,0.120292729,95,10,1.300798887
134,138,0.120292729,95,10,1.300798887
134,138,0.120292729,95,10,1.300798887
134,138,0.120292729,95,10,1.300798887
134,138,0.120292729,95,10,1.300798887
134,138,0.120292729,95,10,1.300798887
134,138,0.120292729,95,10,1.300798887
134,138,0.120292729,95,10,1.300798887
134,138,0.120292729,95,10,1.300798887
13,16,0.118302381,95,10,1.108306521
13,16,0.118302381,95,10,1.108306521
13,16,0.118817072,95,10,1.269583256
13,16,0.118817072,95,10,1.269583256
13,16,0.118817072,95,10,1.269583256
13,16,0.118817072,95,10,1.269583256
13,16,0.118817072,95,10,1.269583256
13,16,0.118817072,95,10,1.269583256
13,16,0.118817072,95,10,1.269583256
13,16,0.118817072,95,10,1.269583256
13,16,0.118817072,95,10,1.269583256
13,16,0.118817072,95,10,1.269583256
13,16,0.118817072,95,10,1.269583256
13,16,0.118817072,95,10,1.269583256
13,16,0.118817072,95,10,1.269583256
13,16,0.118817072,95,10,1.269583256
13,16,0.118817072,95,10,1.269583256
134,138,0.120292729,95,10,1.300798887
95,10,0.127581253,95,10,1.391990079
95,10,0.127581253,95,10,1.391990079
95,10,0.127581253,95,10,1.391990079
95,10,0.127581253,95,10,1.391990079
95,10,0.127581253,95,10,1.391990079
95,10,0.127581253,95,10,1.391990079
95,10,0.127581253,95,10,1.391990079
95,10,0.127581253,95,10,1.391990079
95,10,0.127581253,95,10,1.391990079
95,10,0.127581253,95,10,1.391990079
95,10,0.127581253,95,10,1.391990079
95,10,0.127581253,95,10,1.391990079
95,10,0.127581253,95,10,1.391990079
95,10,0.127581253,95,10,1.391990079
95,10,0.127581253,95,10,1.391990079
13,16,0.118817072,95,10,1.269583256
99,9,0.117107013,95,10,1.105368279
99,9,0.117107013,95,10,1.105368279
99,9,0.117107013,95,10,1.105368279
99,9,0.117107013,95,10,1.105368279
99,9,0.117107013,95,10,1.105368279
99,9,0.117107013,95,10,1.105368279
99,9,0.117107013,95,10,1.105368279
99,9,0.117107013,95,10,1.105368279
99,9,0.117107013,95,10,1.105368279
99,9,0.117107013,95,10,1.105368279
99,9,0.117107013,95,10,1.105368279
99,9,0.117107013,95,10,1.105368279
99,9,0.117107013,95,10,1.105368279
99,9,0.117107013,95,10,1.105368279
99,9,0.117107013,95,10,1.105368279
95,10,0.127581253,95,10,1.391990079
95,10,0.127581253,95,10,1.391990079
134,138,0.116440381,96,8,1.151032737
134,138,0.116440381,96,8,1.151032737
134,138,0.116440381,96,8,1.151032737
134,138,0.116440381,96,8,1.151032737
134,138,0.116440381,96,8,1.151032737
134,138,0.116440381,96,8,1.151032737
134,138,0.116440381,96,8,1.151032737
134,138,0.116440381,96,8,1.151032737
134,138,0.116440381,96,8,1.151032737
134,138,0.116440381,96,8,1.151032737
134,138,0.116440381,96,8,1.151032737
134,138,0.116440381,96,8,1.151032737
134,138,0.116440381,96,8,1.151032737
134,138,0.116440381,96,8,1.151032737
99,9,0.117107013,95,10,1.105368279
99,9,0.117107013,95,10,1.105368279
13,16,0.120807518,95,10,1.331894166
13,16,0.120807518,95,10,1.331894166
13,16,0.120807518,95,10,1.331894166
13,16,0.120807518,95,10,1.331894166
13,16,0.120807518,95,10,1.331894166
13,16,0.120807518,95,10,1.331894166
13,16,0.120807518,95,10,1.331894166
13,16,0.120807518,95,10,1.331894166
13,16,0.120807518,95,10,1.331894166
13,16,0.120807518,95,10,1.331894166
13,16,0.120807518,95,10,1.331894166
13,16,0.120807518,95,10,1.331894166
13,16,0.120807518,95,10,1.331894166
13,16,0.120807518,95,10,1.331894166
134,138,0.116440381,96,8,1.151032737
134,138,0.116440381,96,8,1.151032737
14,16,0.118628099,92,10,1.13241266
14,16,0.118628099,92,10,1.13241266
14,16,0.118628099,92,10,1.13241266
14,16,0.118628099,92,10,1.13241266
14,16,0.118628099,92,10,1.13241266
14,16,0.118628099,92,10,1.13241266
14,16,0.118628099,92,10,1.13241266
14,16,0.118628099,92,10,1.13241266
14,16,0.118628099,92,10,1.13241266
14,16,0.118628099,92,10,1.13241266
14,16,0.118628099,92,10,1.13241266
14,16,0.118628099,92,10,1.13241266
14,16,0.118628099,92,10,1.13241266
14,16,0.118628099,92,10,1.13241266
13,16,0.120807518,95,10,1.331894166
13,16,0.120807518,95,10,1.331894166
95,10,0.116357963,95,10,1.293682552
95,10,0.116357963,95,10,1.293682552
95,10,0.116357963,95,10,1.293682552
95,10,0.116357963,95,10,1.293682552
95,10,0.116357963,95,10,1.293682552
95,10,0.116357963,95,10,1.293682552
95,10,0.116357963,95,10,1.293682552
95,10,0.116357963,95,10,1.293682552
95,10,0.116357963,95,10,1.293682552
95,10,0.116357963,95,10,1.293682552
95,10,0.116357963,95,10,1.293682552
95,10,0.116357963,95,10,1.293682552
95,10,0.116357963,95,10,1.293682552
95,10,0.116357963,95,10,1.293682552
14,16,0.118628099,92,10,1.13241266
14,16,0.118628099,92,10,1.13241266
134,138,0.114182978,95,10,1.190350803
134,138,0.114182978,95,10,1.190350803
134,138,0.114182978,95,10,1.190350803
134,138,0.114182978,95,10,1.190350803
134,138,0.114182978,95,10,1.190350803
134,138,0.114182978,95,10,1.190350803
134,138,0.114182978,95,10,1.190350803
134,138,0.114182978,95,10,1.190350803
134,138,0.114182978,95,10,1.190350803
134,138,0.114182978,95,10,1.190350803
134,138,0.114182978,95,10,1.190350803
134,138,0.114182978,95,10,1.190350803
134,138,0.114182978,95,10,1.190350803
134,138,0.114182978,95,10,1.190350803
95,10,0.116357963,95,10,1.293682552
95,10,0.116357963,95,10,1.293682552
95,14,0.124200977,99,15,1.098288229
95,14,0.124200977,99,15,1.098288229
95,14,0.124200977,99,15,1.098288229
95,14,0.124200977,99,15,1.098288229
95,14,0.124200977,99,15,1.098288229
95,14,0.124200977,99,15,1.098288229
95,14,0.124200977,99,15,1.098288229
95,14,0.124200977,99,15,1.098288229
95,14,0.124200977,99,15,1.098288229
95,14,0.124200977,99,15,1.098288229
95,14,0.124200977,99,15,1.098288229
95,14,0.124200977,99,15,1.098288229
95,14,0.124200977,99,15,1.098288229
95,14,0.124200977,99,15,1.098288229
95,14,0.124200977,99,15,1.098288229
134,138,0.114182978,95,10,1.190350803
95,14,0.131877766,95,10,1.15846482
95,14,0.131877766,95,10,1.15846482
95,14,0.131877766,95,10,1.15846482
95,14,0.131877766,95,10,1.15846482
95,14,0.131877766,95,10,1.15846482
95,14,0.131877766,95,10,1.15846482
95,14,0.131877766,95,10,1.15846482
95,14,0.131877766,95,10,1.15846482
95,14,0.131877766,95,10,1.15846482
95,14,0.131877766,95,10,1.15846482
95,14,0.131877766,95,10,1.15846482
95,14,0.131877766,95,10,1.15846482
95,14,0.131877766,95,10,1.15846482
95,14,0.131877766,95,10,1.15846482
95,14,0.131877766,95,10,1.15846482
95,14,0.124200977,99,15,1.098288229
95,10,0.118946194,95,10,1.306227492
95,10,0.118946194,95,10,1.306227492
95,10,0.118946194,95,10,1.306227492
95,10,0.118946194,95,10,1.306227492
95,10,0.118946194,95,10,1.306227492
95,10,0.118946194,95,10,1.306227492
95,10,0.118946194,95,10,1.306227492
95,10,0.118946194,95,10,1.306227492
95,10,0.118946194,95,10,1.306227492
95,10,0.118946194,95,10,1.306227492
95,10,0.118946194,95,10,1.306227492
95,10,0.118946194,95,10,1.306227492
95,10,0.118946194,95,10,1.306227492
95,10,0.118946194,95,10,1.306227492
95,10,0.118946194,95,10,1.306227492
95,14,0.131877766,95,10,1.15846482
96,8,0.120379586,95,10,1.276058626
96,8,0.120379586,95,10,1.276058626
96,8,0.120379586,95,10,1.276058626
96,8,0.120379586,95,10,1.276058626
96,8,0.120379586,95,10,1.276058626
96,8,0.120379586,95,10,1.276058626
96,8,0.120379586,95,10,1.276058626
96,8,0.120379586,95,10,1.276058626
96,8,0.120379586,95,10,1.276058626
96,8,0.120379586,95,10,1.276058626
96,8,0.120379586,95,10,1.276058626
96,8,0.120379586,95,10,1.276058626
96,8,0.120379586,95,10,1.276058626
96,8,0.120379586,95,10,1.276058626
96,8,0.120379586,95,10,1.276058626
95,10,0.118946194,95,10,1.306227492
95,10,0.118946194,95,10,1.306227492
95,14,0.115763599,95,10,1.302635813
95,14,0.115763599,95,10,1.302635813
95,14,0.115763599,95,10,1.302635813
95,14,0.115763599,95,10,1.302635813
95,14,0.115763599,95,10,1.302635813
95,14,0.115763599,95,10,1.302635813
95,14,0.115763599,95,10,1.302635813
95,14,0.115763599,95,10,1.302635813
95,14,0.115763599,95,10,1.302635813
95,14,0.115763599,95,10,1.302635813
95,14,0.115763599,95,10,1.302635813
95,14,0.115763599,95,10,1.302635813
95,14,0.115763599,95,10,1.302635813
95,14,0.115763599,95,10,1.302635813
96,8,0.120379586,95,10,1.276058626
96,8,0.120379586,95,10,1.276058626
134,138,0.111724394,95,10,1.1494548
134,138,0.111724394,95,10,1.1494548
134,138,0.111724394,95,10,1.1494548
134,138,0.111724394,95,10,1.1494548
134,138,0.111724394,95,10,1.1494548
134,138,0.111724394,95,10,1.1494548
134,138,0.111724394,95,10,1.1494548
134,138,0.111724394,95,10,1.1494548
134,138,0.111724394,95,10,1.1494548
134,138,0.111724394,95,10,1.1494548
134,138,0.111724394,95,10,1.1494548
134,138,0.111724394,95,10,1.1494548
134,138,0.111724394,95,10,1.1494548
134,138,0.111724394,95,10,1.1494548
95,14,0.115763599,95,10,1.302635813
95,14,0.115763599,95,10,1.302635813
95,14,0.110094513,95,10,1.128193656
95,14,0.110094513,95,10,1.128193656
95,14,0.110094513,95,10,1.128193656
95,14,0.110094513,95,10,1.128193656
95,14,0.110094513,95,10,1.128193656
95,14,0.110094513,95,10,1.128193656
95,14,0.110094513,95,10,1.128193656
95,14,0.110094513,95,10,1.128193656
95,14,0.110094513,95,10,1.128193656
95,14,0.110094513,95,10,1.128193656
95,14,0.110094513,95,10,1.128193656
95,14,0.110094513,95,10,1.128193656
95,14,0.110094513,95,10,1.128193656
95,14,0.110094513,95,10,1.128193656
134,138,0.111724394,95,10,1.1494548
134,138,0.111724394,95,10,1.1494548
95,14,0.115293533,95,10,1.190628058
95,14,0.115293533,95,10,1.190628058
95,14,0.115293533,95,10,1.190628058
95,14,0.115293533,95,10,1.190628058
95,14,0.115293533,95,10,1.190628058
95,14,0.115293533,95,10,1.190628058
95,14,0.115293533,95,10,1.190628058
95,14,0.115293533,95,10,1.190628058
95,14,0.115293533,95,10,1.190628058
95,14,0.115293533,95,10,1.190628058
95,14,0.115293533,95,10,1.190628058
95,14,0.115293533,95,10,1.190628058
95,14,0.115293533,95,10,1.190628058
95,14,0.115293533,95,10,1.190628058
95,14,0.110094513,95,10,1.128193656
95,14,0.110094513,95,10,1.128193656
134,138,0.124885761,95,10,1.081222992
134,138,0.124885761,95,10,1.081222992
134,138,0.124885761,95,10,1.081222992
134,138,0.124885761,95,10,1.081222992
134,138,0.124885761,95,10,1.081222992
134,138,0.124885761,95,10,1.081222992
134,138,0.124885761,95,10,1.081222992
134,138,0.124885761,95,10,1.081222992
134,138,0.124885761,95,10,1.081222992
134,138,0.124885761,95,10,1.081222992
134,138,0.124885761,95,10,1.081222992
134,138,0.124885761,95,10,1.081222992
134,138,0.124885761,95,10,1.081222992
134,138,0.124885761,95,10,1.081222992
95,14,0.115293533,95,10,1.190628058
95,14,0.115293533,95,10,1.190628058
95,10,0.119016134,95,10,1.323596373
95,10,0.119016134,95,10,1.323596373
95,10,0.119016134,95,10,1.323596373
95,10,0.119016134,95,10,1.323596373
95,10,0.119016134,95,10,1.323596373
95,10,0.119016134,95,10,1.323596373
95,10,0.119016134,95,10,1.323596373
95,10,0.119016134,95,10,1.323596373
95,10,0.119016134,95,10,1.323596373
95,10,0.119016134,95,10,1.323596373
95,10,0.119016134,95,10,1.323596373
95,10,0.119016134,95,10,1.323596373
95,10,0.119016134,95,10,1.323596373
95,10,0.119016134,95,10,1.323596373
95,10,0.119016134,95,10,1.323596373
134,138,0.124885761,95,10,1.081222992
95,10,0.143633409,95,10,1.595724461
95,10,0.143633409,95,10,1.595724461
95,10,0.143633409,95,10,1.595724461
95,10,0.143633409,95,10,1.595724461
95,10,0.143633409,95,10,1.595724461
95,10,0.143633409,95,10,1.595724461
95,10,0.143633409,95,10,1.595724461
95,10,0.143633409,95,10,1.595724461
95,10,0.143633409,95,10,1.595724461
95,10,0.143633409,95,10,1.595724461
95,10,0.143633409,95,10,1.595724461
95,10,0.143633409,95,10,1.595724461
95,10,0.143633409,95,10,1.595724461
95,10,0.143633409,95,10,1.595724461
95,10,0.143633409,95,10,1.595724461
95,10,0.119016134,95,10,1.323596373
95,14,0.113696231,95,10,1.227568879
95,14,0.113696231,95,10,1.227568879
95,14,0.113696231,95,10,1.227568879
95,14,0.113696231,95,10,1.227568879
95,14,0.113696231,95,10,1.227568879
95,14,0.113696231,95,10,1.227568879
95,14,0.113696231,95,10,1.227568879
95,14,0.113696231,95,10,1.227568879
95,14,0.113696231,95,10,1.227568879
95,14,0.113696231,95,10,1.227568879
95,14,0.113696231,95,10,1.227568879
95,14,0.113696231,95,10,1.227568879
95,14,0.113696231,95,10,1.227568879
95,14,0.113696231,95,10,1.227568879
95,14,0.113696231,95,10,1.227568879
95,10,0.143633409,95,10,1.595724461
134,138,0.121302119,5,16,1.066457988
134,138,0.121302119,5,16,1.066457988
134,138,0.121302119,5,16,1.066457988
134,138,0.121302119,5,16,1.066457988
134,138,0.121302119,5,16,1.066457988
134,138,0.121302119,5,16,1.066457988
134,138,0.121302119,5,16,1.066457988
134,138,0.121302119,5,16,1.066457988
134,138,0.121302119,5,16,1.066457988
134,138,0.121302119,5,16,1.066457988
134,138,0.121302119,5,16,1.066457988
134,138,0.121302119,5,16,1.066457988
134,138,0.121302119,5,16,1.066457988
134,138,0.121302119,5,16,1.066457988
134,138,0.121302119,5,16,1.066457988
95,14,0.113696231,95,10,1.227568879
95,14,0.113696231,95,10,1.227568879
95,10,0.121500458,95,10,1.379020004
95,10,0.121500458,95,10,1.379020004
95,10,0.121500458,95,10,1.379020004
95,10,0.121500458,95,10,1.379020004
95,10,0.121500458,95,10,1.379020004
95,10,0.121500458,95,10,1.379020004
95,10,0.121500458,95,10,1.379020004
95,10,0.121500458,95,10,1.379020004
95,10,0.121500458,95,10,1.379020004
95,10,0.121500458,95,10,1.379020004
95,10,0.121500458,95,10,1.379020004
95,10,0.121500458,95,10,1.379020004
95,10,0.121500458,95,10,1.379020004
95,10,0.121500458,95,10,1.379020004
134,138,0.121302119,5,16,1.066457988
134,138,0.121302119,5,16,1.066457988
13,16,0.120438068,95,10,1.318907127
13,16,0.120438068,95,10,1.318907127
13,16,0.120438068,95,10,1.318907127
13,16,0.120438068,95,10,1.318907127
13,16,0.120438068,95,10,1.318907127
13,16,0.120438068,95,10,1.318907127
13,16,0.120438068,95,10,1.318907127
13,16,0.120438068,95,10,1.318907127
13,16,0.120438068,95,10,1.318907127
13,16,0.120438068,95,10,1.318907127
13,16,0.120438068,95,10,1.318907127
13,16,0.120438068,95,10,1.318907127
13,16,0.120438068,95,10,1.318907127
13,16,0.120438068,95,10,1.318907127
95,10,0.121500458,95,10,1.379020004
95,10,0.121500458,95,10,1.379020004
13,16,0.114699517,95,10,1.219334292
13,16,0.114699517,95,10,1.219334292
13,16,0.114699517,95,10,1.219334292
13,16,0.114699517,95,10,1.219334292
13,16,0.114699517,95,10,1.219334292
13,16,0.114699517,95,10,1.219334292
13,16,0.114699517,95,10,1.219334292
13,16,0.114699517,95,10,1.219334292
13,16,0.114699517,95,10,1.219334292
13,16,0.114699517,95,10,1.219334292
13,16,0.114699517,95,10,1.219334292
13,16,0.114699517,95,10,1.219334292
13,16,0.114699517,95,10,1.219334292
13,16,0.114699517,95,10,1.219334292
13,16,0.120438068,95,10,1.318907127
13,16,0.120438068,95,10,1.318907127
13,16,0.119639281,96,8,1.13265616
0,0,0,0,0,0
0,0,0,0,0,0
0,0,0,0,0,0
0,0,0,0,0,0
0,0,0,0,0,0
0,0,0,0,0,0
0,0,0,0,0,0
0,0,0,0,0,0
0,0,0,0,0,0
0,0,0,0,0,0
0,0,0,0,0,0
0,0,0,0,0,0
0,0,0,0,0,0
0,0,0,0,0,0
0,0,0,0,0,0
0,0,0,0,0,0
0,0,0,0,0,0
0,0,0,0,0,0
0,0,0,0,0,0
0,0,0,0,0,0
0,0,0,0,0,0
0,0,0,0,0,0
0,0,0,0,0,0
0,0,0,0,0,0
0,0,0,0,0,0
0,0,0,0,0,0
0,0,0,0,0,0
0,0,0,0,0,0
0,0,0,0,0,0
0,0,0,0,0,0
0,0,0,0,0,0
0,0,0,0,0,0
0,0,0,0,0,0
0,0,0,0,0,0
0,0,0,0,0,0
0,0,0,0,0,0
0,0,0,0,0,0
0,0,0,0,0,0
0,0,0,0,0,0
0,0,0,0,0,0
0,0,0,0,0,0
0,0,0,0,0,0
0,0,0,0,0,0
